Segment,Day,From,To,AvgSpeed,BusCount
Shaul1,23,17:44:00,17:59:00,25.887050897144807,1
Shaul2,23,17:44:00,17:59:00,0,1
Shaul2,23,17:59:00,18:14:00,0,1
Shaul3,23,17:59:00,18:14:00,0,1
Shaul4,23,17:59:00,18:14:00,0,1
Shaul2,23,18:14:00,18:29:00,26.294592196152692,1
Shaul1,23,18:29:00,18:44:00,25.887050897144807,2
Shaul4,23,18:29:00,18:44:00,0,1
Shaul1,23,18:44:00,18:59:00,0,1
Shaul2,23,18:44:00,18:59:00,0,2
Shaul3,23,18:44:00,18:59:00,0,3
Shaul4,23,18:44:00,18:59:00,0,1
Shaul1,23,18:59:00,19:14:00,25.887050897144807,4
Shaul2,23,18:59:00,19:14:00,0,2
Shaul3,23,18:59:00,19:14:00,0,1
Shaul4,23,18:59:00,19:14:00,0,3
Shaul1,23,19:14:00,19:29:00,0,2
Shaul2,23,19:14:00,19:29:00,0,2
Shaul3,23,19:14:00,19:29:00,0,3
Shaul4,23,19:14:00,19:29:00,0,4
Shaul1,23,19:29:00,19:44:00,0,4
Shaul2,23,19:29:00,19:44:00,0,5
Shaul3,23,19:29:00,19:44:00,0,3
Shaul4,23,19:29:00,19:44:00,4.811688411533131,5
Shaul1,23,19:44:00,19:59:00,25.887050897144807,4
Shaul2,23,19:44:00,19:59:00,0,4
Shaul3,23,19:44:00,19:59:00,0,3
Shaul4,23,19:44:00,19:59:00,9.623376823066263,5
Shaul1,23,19:59:00,20:14:00,0,4
Shaul2,23,19:59:00,20:14:00,26.294592196152692,5
Shaul3,23,19:59:00,20:14:00,0,1
Shaul4,23,19:59:00,20:14:00,0,4
Shaul1,23,20:14:00,20:29:00,25.887050897144807,6
Shaul2,23,20:14:00,20:29:00,26.294592196152692,3
Shaul3,23,20:14:00,20:29:00,0,2
Shaul4,23,20:14:00,20:29:00,0,4
Shaul1,23,20:29:00,20:44:00,25.887050897144807,6
Shaul2,23,20:29:00,20:44:00,26.294592196152692,6
Shaul3,23,20:29:00,20:44:00,0,1
Shaul4,23,20:29:00,20:44:00,0,6
Shaul1,23,20:44:00,20:59:00,0,4
Shaul2,23,20:44:00,20:59:00,26.294592196152692,4
Shaul3,23,20:44:00,20:59:00,0,3
Shaul4,23,20:44:00,20:59:00,0,6
Shaul1,23,20:59:00,21:14:00,0,4
Shaul2,23,20:59:00,21:14:00,0,6
Shaul3,23,20:59:00,21:14:00,0,2
Shaul4,23,20:59:00,21:14:00,4.811688411533131,8
Shaul1,23,21:14:00,21:29:00,0,4
Shaul2,23,21:14:00,21:29:00,0,3
Shaul3,23,21:14:00,21:29:00,0,2
Shaul4,23,21:14:00,21:29:00,0,3
Shaul1,23,21:29:00,21:44:00,25.887050897144807,1
Shaul2,23,21:29:00,21:44:00,0,1
Shaul3,23,21:29:00,21:44:00,0,1
Shaul4,23,21:29:00,21:44:00,0,4
Shaul1,23,21:44:00,21:59:00,0,1
Shaul2,23,21:44:00,21:59:00,0,1
Shaul3,23,21:44:00,21:59:00,0,1
Shaul4,23,21:44:00,21:59:00,9.623376823066263,2
Shaul3,23,21:59:00,22:14:00,0,2
Shaul4,23,21:59:00,22:14:00,0,3
Shaul1,23,22:14:00,22:29:00,0,2
Shaul2,23,22:14:00,22:29:00,0,1
Shaul3,23,22:14:00,22:29:00,0,2
Shaul4,23,22:14:00,22:29:00,0,1
Shaul2,23,22:29:00,22:44:00,0,1
Shaul4,23,22:29:00,22:44:00,0,4
Shaul4,23,22:44:00,22:59:00,0,2
Shaul1,23,22:59:00,23:14:00,0,1
Shaul2,23,22:59:00,23:14:00,26.294592196152692,1
Shaul3,23,22:59:00,23:14:00,0,1
Shaul4,23,22:59:00,23:14:00,0,2
Shaul1,23,23:14:00,23:29:00,0,2
Shaul2,23,23:14:00,23:29:00,0,1
Shaul3,23,23:14:00,23:29:00,0,1
Shaul4,23,23:14:00,23:29:00,9.623376823066263,3
Shaul3,23,23:29:00,23:44:00,0,2
Shaul4,23,23:29:00,23:44:00,0,3
Shaul1,23,23:44:00,23:57:00,0,2
Shaul2,23,23:44:00,23:57:00,0,1
Shaul4,23,23:44:00,23:57:00,0,2
Shaul1,22,00:01:00,00:16:00,25.887050897144807,6
Shaul2,22,00:01:00,00:16:00,13.147296098076346,4
Shaul4,22,00:01:00,00:16:00,7.217532617299697,4
Shaul1,22,00:16:00,00:31:00,0,1
Shaul2,22,00:16:00,00:31:00,0,1
Shaul1,22,00:31:00,00:46:00,0,4
Shaul2,22,00:31:00,00:46:00,0,2
Shaul3,22,00:31:00,00:46:00,0,2
Shaul4,22,00:31:00,00:46:00,7.217532617299697,4
Shaul1,22,00:46:00,01:01:00,0,1
Shaul1,22,01:01:00,01:16:00,0,1
Shaul3,22,05:16:00,05:31:00,0,1
Shaul1,22,05:31:00,05:46:00,0,5
Shaul2,22,05:31:00,05:46:00,0,5
Shaul3,22,05:31:00,05:46:00,0,1
Shaul4,22,05:31:00,05:46:00,0,3
Shaul1,22,05:46:00,06:01:00,0,5
Shaul2,22,05:46:00,06:01:00,26.294592196152692,4
Shaul3,22,05:46:00,06:01:00,0,1
Shaul4,22,05:46:00,06:01:00,0,1
Shaul1,22,06:01:00,06:16:00,0,4
Shaul2,22,06:01:00,06:16:00,0,4
Shaul4,22,06:01:00,06:16:00,0,4
Shaul1,22,06:16:00,06:31:00,25.887050897144807,7
Shaul2,22,06:16:00,06:31:00,0,5
Shaul3,22,06:16:00,06:31:00,0,1
Shaul4,22,06:16:00,06:31:00,9.623376823066263,4
Shaul1,22,06:31:00,06:46:00,25.887050897144807,7
Shaul2,22,06:31:00,06:46:00,0,6
Shaul3,22,06:31:00,06:46:00,0,2
Shaul4,22,06:31:00,06:46:00,0,7
Shaul1,22,06:46:00,07:01:00,25.887050897144807,7
Shaul2,22,06:46:00,07:01:00,0,10
Shaul3,22,06:46:00,07:01:00,0,1
Shaul4,22,06:46:00,07:01:00,0,8
Shaul1,22,07:01:00,07:16:00,25.887050897144807,12
Shaul2,22,07:01:00,07:16:00,0,7
Shaul3,22,07:01:00,07:16:00,0,1
Shaul4,22,07:01:00,07:16:00,9.623376823066263,9
Shaul1,22,07:16:00,07:31:00,25.887050897144807,12
Shaul2,22,07:16:00,07:31:00,0,10
Shaul3,22,07:16:00,07:31:00,0,4
Shaul4,22,07:16:00,07:31:00,9.623376823066263,11
Shaul1,22,07:31:00,07:46:00,25.887050897144807,8
Shaul2,22,07:31:00,07:46:00,26.294592196152692,6
Shaul3,22,07:31:00,07:46:00,0,1
Shaul4,22,07:31:00,07:46:00,9.623376823066263,6
Shaul1,22,07:46:00,08:01:00,0,12
Shaul2,22,07:46:00,08:01:00,0,11
Shaul3,22,07:46:00,08:01:00,0,3
Shaul4,22,07:46:00,08:01:00,9.623376823066263,12
Shaul1,22,08:01:00,08:16:00,0,13
Shaul2,22,08:01:00,08:16:00,0,9
Shaul3,22,08:01:00,08:16:00,0,1
Shaul4,22,08:01:00,08:16:00,9.623376823066263,5
Shaul1,22,08:16:00,08:31:00,0,10
Shaul2,22,08:16:00,08:31:00,26.294592196152692,8
Shaul3,22,08:16:00,08:31:00,0,1
Shaul4,22,08:16:00,08:31:00,9.623376823066263,12
Shaul1,22,08:31:00,08:46:00,25.887050897144807,11
Shaul2,22,08:31:00,08:46:00,0,10
Shaul3,22,08:31:00,08:46:00,0,2
Shaul4,22,08:31:00,08:46:00,9.623376823066263,11
Shaul1,22,08:46:00,09:01:00,0,9
Shaul2,22,08:46:00,09:01:00,0,8
Shaul3,22,08:46:00,09:01:00,0,2
Shaul4,22,08:46:00,09:01:00,9.623376823066263,8
Shaul1,22,09:01:00,09:16:00,25.887050897144807,19
Shaul2,22,09:01:00,09:16:00,26.294592196152692,14
Shaul3,22,09:01:00,09:16:00,0,4
Shaul4,22,09:01:00,09:16:00,0,10
Shaul1,22,09:16:00,09:31:00,25.887050897144807,8
Shaul2,22,09:16:00,09:31:00,26.294592196152692,9
Shaul3,22,09:16:00,09:31:00,0,2
Shaul4,22,09:16:00,09:31:00,0,8
Shaul1,22,09:31:00,09:46:00,12.943525448572403,4
Shaul2,22,09:31:00,09:46:00,26.294592196152692,2
Shaul4,22,09:31:00,09:46:00,0,2
Shaul1,22,12:01:00,12:16:00,0,1
Shaul2,22,12:01:00,12:16:00,26.294592196152692,1
Shaul1,22,12:16:00,12:31:00,0,2
Shaul1,22,12:31:00,12:46:00,17.25803393142987,7
Shaul2,22,12:31:00,12:46:00,14.79070811033589,9
Shaul3,22,12:31:00,12:46:00,0,6
Shaul4,22,12:31:00,12:46:00,0,4
Shaul1,22,12:46:00,13:01:00,25.887050897144807,3
Shaul2,22,12:46:00,13:01:00,26.294592196152692,4
Shaul4,22,12:46:00,13:01:00,0,2
Shaul1,22,13:01:00,13:16:00,25.887050897144807,5
Shaul2,22,13:01:00,13:16:00,26.294592196152692,8
Shaul3,22,13:01:00,13:16:00,0,3
Shaul4,22,13:01:00,13:16:00,0,2
Shaul1,22,13:16:00,13:31:00,25.887050897144807,5
Shaul2,22,13:16:00,13:31:00,0,5
Shaul3,22,13:16:00,13:31:00,0,3
Shaul4,22,13:16:00,13:31:00,0,2
Shaul1,22,13:31:00,13:46:00,25.887050897144807,4
Shaul2,22,13:31:00,13:46:00,26.294592196152692,6
Shaul3,22,13:31:00,13:46:00,0,2
Shaul4,22,13:31:00,13:46:00,0,3
Shaul1,22,13:46:00,14:01:00,25.887050897144807,4
Shaul2,22,13:46:00,14:01:00,26.294592196152692,2
Shaul3,22,13:46:00,14:01:00,0,2
Shaul4,22,13:46:00,14:01:00,0,2
Shaul1,22,14:01:00,14:16:00,0,3
Shaul2,22,14:01:00,14:16:00,0,3
Shaul3,22,14:01:00,14:16:00,0,1
Shaul4,22,14:01:00,14:16:00,3.2077922743554206,1
Shaul1,22,14:16:00,14:31:00,25.887050897144807,4
Shaul2,22,14:16:00,14:31:00,26.294592196152692,6
Shaul3,22,14:16:00,14:31:00,0,4
Shaul4,22,14:16:00,14:31:00,9.623376823066263,8
Shaul1,22,14:31:00,14:46:00,0,3
Shaul2,22,14:31:00,14:46:00,26.294592196152692,5
Shaul4,22,14:31:00,14:46:00,0,4
Shaul2,22,14:46:00,15:01:00,26.294592196152692,1
Shaul4,22,14:46:00,15:01:00,0,1
Shaul1,22,15:01:00,15:16:00,0,1
Shaul2,22,15:01:00,15:16:00,0,2
Shaul3,22,15:01:00,15:16:00,0,1
Shaul4,22,15:01:00,15:16:00,0,2
Shaul1,22,15:16:00,15:31:00,25.887050897144807,7
Shaul2,22,15:16:00,15:31:00,26.294592196152692,4
Shaul3,22,15:16:00,15:31:00,0,3
Shaul4,22,15:16:00,15:31:00,9.623376823066263,8
Shaul1,22,15:31:00,15:46:00,0,5
Shaul2,22,15:31:00,15:46:00,0,3
Shaul3,22,15:31:00,15:46:00,0,3
Shaul4,22,15:31:00,15:46:00,0,2
Shaul1,22,15:46:00,16:01:00,25.887050897144807,7
Shaul2,22,15:46:00,16:01:00,26.294592196152692,6
Shaul3,22,15:46:00,16:01:00,0,3
Shaul4,22,15:46:00,16:01:00,9.623376823066263,6
Shaul1,22,16:01:00,16:16:00,2.8763389885716455,3
Shaul2,22,16:01:00,16:16:00,26.294592196152692,5
Shaul3,22,16:01:00,16:16:00,0,3
Shaul4,22,16:01:00,16:16:00,9.623376823066263,5
Shaul1,22,16:16:00,16:31:00,0,5
Shaul2,22,16:16:00,16:31:00,0,2
Shaul3,22,16:16:00,16:31:00,0,2
Shaul4,22,16:16:00,16:31:00,0,1
Shaul1,22,16:31:00,16:46:00,25.887050897144807,7
Shaul2,22,16:31:00,16:46:00,26.294592196152692,4
Shaul3,22,16:31:00,16:46:00,0,3
Shaul4,22,16:31:00,16:46:00,7.217532617299697,6
Shaul1,22,16:46:00,17:01:00,0,6
Shaul2,22,16:46:00,17:01:00,26.294592196152692,4
Shaul3,22,16:46:00,17:01:00,0,2
Shaul4,22,16:46:00,17:01:00,0,4
Shaul1,22,17:01:00,17:05:00,0,1
Shaul1,21,00:00:00,00:15:00,0,6
Shaul2,21,00:00:00,00:15:00,26.294592196152692,3
Shaul3,21,00:00:00,00:15:00,0,1
Shaul4,21,00:00:00,00:15:00,9.623376823066263,2
Shaul1,21,00:15:00,00:30:00,25.887050897144807,3
Shaul2,21,00:15:00,00:30:00,26.294592196152692,3
Shaul4,21,00:15:00,00:30:00,4.811688411533131,3
Shaul1,21,00:30:00,00:45:00,0,3
Shaul2,21,00:30:00,00:45:00,0,3
Shaul3,21,00:30:00,00:45:00,0,1
Shaul4,21,00:30:00,00:45:00,0,2
Shaul1,21,00:45:00,01:00:00,0,2
Shaul2,21,00:45:00,01:00:00,0,1
Shaul1,21,05:00:00,05:15:00,0,1
Shaul1,21,05:15:00,05:30:00,0,2
Shaul2,21,05:15:00,05:30:00,0,2
Shaul4,21,05:15:00,05:30:00,0,2
Shaul1,21,05:30:00,05:45:00,0,7
Shaul2,21,05:30:00,05:45:00,0,5
Shaul3,21,05:30:00,05:45:00,0,1
Shaul4,21,05:30:00,05:45:00,9.623376823066263,4
Shaul1,21,05:45:00,06:00:00,0,10
Shaul2,21,05:45:00,06:00:00,0,5
Shaul3,21,05:45:00,06:00:00,0,3
Shaul4,21,05:45:00,06:00:00,0,7
Shaul1,21,06:00:00,06:15:00,0,11
Shaul2,21,06:00:00,06:15:00,0,12
Shaul3,21,06:00:00,06:15:00,0,5
Shaul4,21,06:00:00,06:15:00,8.019480685888553,11
Shaul1,21,06:15:00,06:30:00,25.887050897144807,13
Shaul2,21,06:15:00,06:30:00,26.294592196152692,7
Shaul3,21,06:15:00,06:30:00,0,2
Shaul4,21,06:15:00,06:30:00,0,5
Shaul1,21,06:30:00,06:45:00,25.887050897144807,16
Shaul2,21,06:30:00,06:45:00,13.147296098076346,13
Shaul3,21,06:30:00,06:45:00,0,4
Shaul4,21,06:30:00,06:45:00,9.623376823066263,19
Shaul1,21,06:45:00,07:00:00,25.887050897144807,24
Shaul2,21,06:45:00,07:00:00,0,17
Shaul3,21,06:45:00,07:00:00,0,8
Shaul4,21,06:45:00,07:00:00,9.623376823066263,17
Shaul1,21,07:00:00,07:15:00,25.887050897144807,21
Shaul2,21,07:00:00,07:15:00,0,19
Shaul3,21,07:00:00,07:15:00,0,9
Shaul4,21,07:00:00,07:15:00,9.623376823066263,22
Shaul1,21,07:15:00,07:30:00,25.887050897144807,23
Shaul2,21,07:15:00,07:30:00,26.294592196152692,25
Shaul3,21,07:15:00,07:30:00,0,3
Shaul4,21,07:15:00,07:30:00,9.623376823066263,21
Shaul1,21,07:30:00,07:45:00,25.887050897144807,26
Shaul2,21,07:30:00,07:45:00,26.294592196152692,20
Shaul3,21,07:30:00,07:45:00,0,6
Shaul4,21,07:30:00,07:45:00,8.420454720182981,22
Shaul1,21,07:45:00,08:00:00,22.651169535001706,26
Shaul2,21,07:45:00,08:00:00,26.294592196152692,20
Shaul3,21,07:45:00,08:00:00,0,6
Shaul4,21,07:45:00,08:00:00,8.935992764275815,21
Shaul1,21,08:00:00,08:15:00,25.887050897144807,16
Shaul2,21,08:00:00,08:15:00,26.294592196152692,13
Shaul3,21,08:00:00,08:15:00,0,2
Shaul4,21,08:00:00,08:15:00,9.623376823066263,11
Shaul1,21,08:15:00,08:30:00,21.57254241428734,20
Shaul2,21,08:15:00,08:30:00,26.294592196152692,20
Shaul3,21,08:15:00,08:30:00,0,4
Shaul4,21,08:15:00,08:30:00,9.623376823066263,20
Shaul1,21,08:30:00,08:45:00,25.887050897144807,17
Shaul2,21,08:30:00,08:45:00,26.294592196152692,16
Shaul3,21,08:30:00,08:45:00,0,5
Shaul4,21,08:30:00,08:45:00,6.415584548710842,21
Shaul1,21,08:45:00,09:00:00,25.887050897144807,16
Shaul2,21,08:45:00,09:00:00,26.294592196152692,9
Shaul3,21,08:45:00,09:00:00,0,7
Shaul4,21,08:45:00,09:00:00,9.623376823066263,13
Shaul1,21,09:00:00,09:15:00,22.651169535001706,19
Shaul2,21,09:00:00,09:15:00,26.294592196152692,17
Shaul3,21,09:00:00,09:15:00,0,7
Shaul4,21,09:00:00,09:15:00,9.623376823066263,16
Shaul1,21,09:15:00,09:30:00,25.887050897144807,14
Shaul2,21,09:15:00,09:30:00,26.294592196152692,14
Shaul3,21,09:15:00,09:30:00,0,7
Shaul4,21,09:15:00,09:30:00,9.623376823066263,13
Shaul1,21,09:30:00,09:45:00,25.887050897144807,15
Shaul2,21,09:30:00,09:45:00,26.29459219615269,18
Shaul3,21,09:30:00,09:45:00,0,5
Shaul4,21,09:30:00,09:45:00,8.420454720182981,17
Shaul1,21,09:45:00,10:00:00,25.887050897144807,13
Shaul2,21,09:45:00,10:00:00,26.294592196152692,16
Shaul3,21,09:45:00,10:00:00,0,4
Shaul4,21,09:45:00,10:00:00,9.623376823066263,13
Shaul1,21,10:00:00,10:15:00,25.887050897144807,17
Shaul2,21,10:00:00,10:15:00,24.103376179806634,20
Shaul3,21,10:00:00,10:15:00,0,5
Shaul4,21,10:00:00,10:15:00,9.623376823066263,16
Shaul1,21,10:15:00,10:30:00,22.651169535001706,21
Shaul2,21,10:15:00,10:30:00,26.294592196152692,19
Shaul3,21,10:15:00,10:30:00,0,8
Shaul4,21,10:15:00,10:30:00,9.623376823066263,16
Shaul1,21,10:30:00,10:45:00,25.887050897144807,16
Shaul2,21,10:30:00,10:45:00,26.294592196152692,15
Shaul3,21,10:30:00,10:45:00,0,6
Shaul4,21,10:30:00,10:45:00,0,12
Shaul1,21,10:45:00,11:00:00,25.887050897144807,20
Shaul2,21,10:45:00,11:00:00,19.72094414711452,20
Shaul3,21,10:45:00,11:00:00,0,4
Shaul4,21,10:45:00,11:00:00,9.623376823066263,16
Shaul1,21,11:00:00,11:15:00,20.709640717715846,19
Shaul2,21,11:00:00,11:15:00,26.294592196152692,18
Shaul3,21,11:00:00,11:15:00,0,4
Shaul4,21,11:00:00,11:15:00,9.623376823066263,14
Shaul1,21,11:15:00,11:30:00,22.651169535001706,12
Shaul2,21,11:15:00,11:30:00,26.29459219615269,14
Shaul3,21,11:15:00,11:30:00,0,2
Shaul4,21,11:15:00,11:30:00,8.248608705485369,14
Shaul1,21,11:30:00,11:45:00,25.887050897144807,20
Shaul2,21,11:30:00,11:45:00,26.29459219615269,15
Shaul3,21,11:30:00,11:45:00,0,4
Shaul4,21,11:30:00,11:45:00,0,14
Shaul1,21,11:45:00,12:00:00,25.887050897144807,20
Shaul2,21,11:45:00,12:00:00,26.294592196152685,17
Shaul3,21,11:45:00,12:00:00,0,3
Shaul4,21,11:45:00,12:00:00,8.019480685888553,18
Shaul1,21,12:00:00,12:15:00,19.415288172858606,19
Shaul2,21,12:00:00,12:15:00,26.29459219615268,18
Shaul3,21,12:00:00,12:15:00,0,4
Shaul4,21,12:00:00,12:15:00,4.277056365807227,13
Shaul1,21,12:15:00,12:30:00,25.887050897144807,15
Shaul2,21,12:15:00,12:30:00,23.007768171633604,19
Shaul3,21,12:15:00,12:30:00,0,5
Shaul4,21,12:15:00,12:30:00,4.811688411533131,14
Shaul1,21,12:30:00,12:45:00,25.887050897144807,18
Shaul2,21,12:30:00,12:45:00,26.29459219615269,16
Shaul3,21,12:30:00,12:45:00,0,6
Shaul4,21,12:30:00,12:45:00,7.217532617299697,13
Shaul1,21,12:45:00,13:00:00,24.448881402858987,21
Shaul2,21,12:45:00,13:00:00,26.294592196152685,21
Shaul3,21,12:45:00,13:00:00,0,5
Shaul4,21,12:45:00,13:00:00,6.8165585830052695,16
Shaul1,21,13:00:00,13:15:00,17.25803393142987,16
Shaul2,21,13:00:00,13:15:00,26.29459219615269,14
Shaul3,21,13:00:00,13:15:00,5.992911036992531,8
Shaul4,21,13:00:00,13:15:00,8.019480685888553,14
Shaul1,21,13:15:00,13:30:00,25.887050897144807,17
Shaul2,21,13:15:00,13:30:00,26.29459219615269,16
Shaul3,21,13:15:00,13:30:00,0,7
Shaul4,21,13:15:00,13:30:00,7.6987014584530105,20
Shaul1,21,13:30:00,13:45:00,25.887050897144807,17
Shaul2,21,13:30:00,13:45:00,24.416407039284643,19
Shaul3,21,13:30:00,13:45:00,0,7
Shaul4,21,13:30:00,13:45:00,7.56122464669492,20
Shaul1,21,13:45:00,14:00:00,23.010711908573164,22
Shaul2,21,13:45:00,14:00:00,26.294592196152692,19
Shaul3,21,13:45:00,14:00:00,0,6
Shaul4,21,13:45:00,14:00:00,8.420454720182981,14
Shaul1,21,14:00:00,14:15:00,22.188900768981263,23
Shaul2,21,14:00:00,14:15:00,26.294592196152692,16
Shaul3,21,14:00:00,14:15:00,0,8
Shaul4,21,14:00:00,14:15:00,9.623376823066263,17
Shaul1,21,14:15:00,14:30:00,24.71036676545641,19
Shaul2,21,14:15:00,14:30:00,26.294592196152692,12
Shaul3,21,14:15:00,14:30:00,0,6
Shaul4,21,14:15:00,14:30:00,0,12
Shaul1,21,14:30:00,14:45:00,20.709640717715846,14
Shaul2,21,14:30:00,14:45:00,26.294592196152692,13
Shaul3,21,14:30:00,14:45:00,0,3
Shaul4,21,14:30:00,14:45:00,7.217532617299697,14
Shaul1,21,14:45:00,15:00:00,23.729796655716072,25
Shaul2,21,14:45:00,15:00:00,20.159187350383732,23
Shaul3,21,14:45:00,15:00:00,0,6
Shaul4,21,14:45:00,15:00:00,6.255194934993071,22
Shaul1,21,15:00:00,15:15:00,25.887050897144807,22
Shaul2,21,15:00:00,15:15:00,19.72094414711452,18
Shaul3,21,15:00:00,15:15:00,0,6
Shaul4,21,15:00:00,15:15:00,4.1701299566620476,17
Shaul1,21,15:15:00,15:30:00,24.448881402858984,20
Shaul2,21,15:15:00,15:30:00,21.035673756922154,18
Shaul3,21,15:15:00,15:30:00,0,7
Shaul4,21,15:15:00,15:30:00,7.217532617299697,15
Shaul1,21,15:30:00,15:45:00,24.037975833063033,16
Shaul2,21,15:30:00,15:45:00,26.29459219615269,20
Shaul3,21,15:30:00,15:45:00,0,5
Shaul4,21,15:30:00,15:45:00,9.623376823066263,11
Shaul1,21,15:45:00,16:00:00,25.887050897144807,20
Shaul2,21,15:45:00,16:00:00,26.29459219615269,19
Shaul3,21,15:45:00,16:00:00,0,8
Shaul4,21,15:45:00,16:00:00,7.377922231017469,20
Shaul1,21,16:00:00,16:15:00,25.887050897144807,16
Shaul2,21,16:00:00,16:15:00,26.294592196152692,12
Shaul3,21,16:00:00,16:15:00,0,4
Shaul4,21,16:00:00,16:15:00,8.019480685888553,11
Shaul1,21,16:15:00,16:30:00,25.887050897144807,21
Shaul2,21,16:15:00,16:30:00,26.29459219615269,22
Shaul3,21,16:15:00,16:30:00,0,5
Shaul4,21,16:15:00,16:30:00,9.623376823066263,19
Shaul1,21,16:30:00,16:45:00,25.887050897144807,16
Shaul2,21,16:30:00,16:45:00,26.294592196152692,13
Shaul3,21,16:30:00,16:45:00,0,5
Shaul4,21,16:30:00,16:45:00,7.377922231017467,14
Shaul1,21,16:45:00,17:00:00,23.298345807430326,13
Shaul2,21,16:45:00,17:00:00,26.294592196152692,11
Shaul3,21,16:45:00,17:00:00,0,7
Shaul4,21,16:45:00,17:00:00,9.623376823066263,15
Shaul1,21,17:00:00,17:15:00,21.57254241428734,18
Shaul2,21,17:00:00,17:15:00,26.294592196152692,16
Shaul3,21,17:00:00,17:15:00,0,6
Shaul4,21,17:00:00,17:15:00,9.623376823066263,14
Shaul1,21,17:15:00,17:30:00,25.887050897144807,10
Shaul2,21,17:15:00,17:30:00,26.29459219615269,14
Shaul3,21,17:15:00,17:30:00,0,9
Shaul4,21,17:15:00,17:30:00,9.623376823066263,16
Shaul1,21,17:30:00,17:45:00,25.887050897144807,17
Shaul2,21,17:30:00,17:45:00,26.294592196152692,13
Shaul3,21,17:30:00,17:45:00,0,6
Shaul4,21,17:30:00,17:45:00,6.415584548710842,9
Shaul1,21,17:45:00,18:00:00,25.887050897144807,18
Shaul2,21,17:45:00,18:00:00,26.294592196152692,12
Shaul3,21,17:45:00,18:00:00,0,4
Shaul4,21,17:45:00,18:00:00,7.217532617299697,9
Shaul1,21,18:00:00,18:15:00,25.887050897144807,18
Shaul2,21,18:00:00,18:15:00,23.007768171633604,18
Shaul3,21,18:00:00,18:15:00,0,3
Shaul4,21,18:00:00,18:15:00,7.484848640162649,18
Shaul1,21,18:15:00,18:30:00,25.887050897144807,11
Shaul2,21,18:15:00,18:30:00,26.29459219615269,9
Shaul4,21,18:15:00,18:30:00,8.019480685888553,8
Shaul1,21,18:30:00,18:45:00,25.887050897144807,16
Shaul2,21,18:30:00,18:45:00,24.103376179806634,13
Shaul3,21,18:30:00,18:45:00,0,4
Shaul4,21,18:30:00,18:45:00,6.415584548710841,10
Shaul1,21,18:45:00,19:00:00,25.887050897144807,16
Shaul2,21,18:45:00,19:00:00,26.29459219615269,14
Shaul3,21,18:45:00,19:00:00,0,4
Shaul4,21,18:45:00,19:00:00,9.623376823066263,14
Shaul1,21,19:00:00,19:15:00,22.651169535001706,13
Shaul2,21,19:00:00,19:15:00,26.294592196152692,9
Shaul3,21,19:00:00,19:15:00,0,7
Shaul4,21,19:00:00,19:15:00,9.623376823066263,10
Shaul1,21,19:15:00,19:30:00,23.298345807430326,15
Shaul2,21,19:15:00,19:30:00,26.294592196152692,13
Shaul3,21,19:15:00,19:30:00,0,6
Shaul4,21,19:15:00,19:30:00,6.8165585830052695,11
Shaul1,21,19:30:00,19:45:00,25.887050897144807,18
Shaul2,21,19:30:00,19:45:00,26.294592196152692,10
Shaul3,21,19:30:00,19:45:00,0,1
Shaul4,21,19:30:00,19:45:00,6.415584548710842,11
Shaul1,21,19:45:00,20:00:00,25.887050897144807,6
Shaul2,21,19:45:00,20:00:00,26.294592196152692,8
Shaul3,21,19:45:00,20:00:00,0,2
Shaul4,21,19:45:00,20:00:00,6.415584548710841,10
Shaul1,21,20:00:00,20:15:00,25.887050897144807,9
Shaul2,21,20:00:00,20:15:00,26.294592196152692,10
Shaul3,21,20:00:00,20:15:00,0,2
Shaul4,21,20:00:00,20:15:00,9.623376823066263,11
Shaul1,21,20:15:00,20:30:00,25.887050897144807,10
Shaul2,21,20:15:00,20:30:00,26.294592196152692,7
Shaul3,21,20:15:00,20:30:00,0,4
Shaul4,21,20:15:00,20:30:00,9.623376823066263,9
Shaul1,21,20:30:00,20:45:00,25.887050897144807,10
Shaul2,21,20:30:00,20:45:00,26.294592196152692,7
Shaul3,21,20:30:00,20:45:00,0,5
Shaul4,21,20:30:00,20:45:00,7.217532617299697,10
Shaul1,21,20:45:00,21:00:00,25.887050897144807,14
Shaul2,21,20:45:00,21:00:00,0,9
Shaul3,21,20:45:00,21:00:00,0,7
Shaul4,21,20:45:00,21:00:00,9.623376823066263,10
Shaul1,21,21:00:00,21:15:00,25.887050897144807,9
Shaul2,21,21:00:00,21:15:00,13.147296098076346,7
Shaul3,21,21:00:00,21:15:00,0,2
Shaul4,21,21:00:00,21:15:00,9.623376823066263,8
Shaul1,21,21:15:00,21:30:00,0,4
Shaul2,21,21:15:00,21:30:00,26.294592196152692,6
Shaul3,21,21:15:00,21:30:00,0,2
Shaul4,21,21:15:00,21:30:00,9.623376823066263,7
Shaul1,21,21:30:00,21:45:00,25.887050897144807,14
Shaul2,21,21:30:00,21:45:00,26.294592196152692,7
Shaul3,21,21:30:00,21:45:00,0,4
Shaul4,21,21:30:00,21:45:00,0,6
Shaul1,21,21:45:00,22:00:00,25.887050897144807,12
Shaul2,21,21:45:00,22:00:00,26.294592196152692,7
Shaul3,21,21:45:00,22:00:00,0,4
Shaul4,21,21:45:00,22:00:00,9.623376823066263,6
Shaul1,21,22:00:00,22:15:00,25.887050897144807,9
Shaul2,21,22:00:00,22:15:00,0,4
Shaul3,21,22:00:00,22:15:00,0,2
Shaul4,21,22:00:00,22:15:00,0,5
Shaul1,21,22:15:00,22:30:00,25.887050897144807,11
Shaul2,21,22:15:00,22:30:00,26.294592196152692,8
Shaul3,21,22:15:00,22:30:00,0,2
Shaul4,21,22:15:00,22:30:00,9.623376823066263,5
Shaul1,21,22:30:00,22:45:00,25.887050897144807,6
Shaul2,21,22:30:00,22:45:00,26.294592196152692,4
Shaul3,21,22:30:00,22:45:00,0,2
Shaul4,21,22:30:00,22:45:00,0,2
Shaul1,21,22:45:00,23:00:00,0,6
Shaul2,21,22:45:00,23:00:00,26.294592196152692,7
Shaul3,21,22:45:00,23:00:00,0,4
Shaul4,21,22:45:00,23:00:00,9.623376823066263,5
Shaul1,21,23:00:00,23:15:00,25.887050897144807,8
Shaul2,21,23:00:00,23:15:00,26.294592196152692,5
Shaul3,21,23:00:00,23:15:00,0,2
Shaul4,21,23:00:00,23:15:00,9.623376823066263,5
Shaul1,21,23:15:00,23:30:00,0,5
Shaul2,21,23:15:00,23:30:00,26.294592196152692,6
Shaul3,21,23:15:00,23:30:00,0,2
Shaul4,21,23:15:00,23:30:00,9.623376823066263,5
Shaul1,21,23:30:00,23:45:00,0,5
Shaul2,21,23:30:00,23:45:00,26.294592196152692,5
Shaul4,21,23:30:00,23:45:00,9.623376823066263,5
Shaul1,21,23:45:00,23:59:00,0,4
Shaul2,21,23:45:00,23:59:00,26.294592196152692,5
Shaul3,21,23:45:00,23:59:00,0,2
Shaul4,21,23:45:00,23:59:00,0,5
Shaul1,20,00:05:00,00:20:00,0,4
Shaul2,20,00:05:00,00:20:00,0,3
Shaul4,20,00:05:00,00:20:00,0,1
Shaul1,20,00:20:00,00:35:00,0,2
Shaul2,20,00:20:00,00:35:00,0,2
Shaul3,20,00:20:00,00:35:00,0,1
Shaul4,20,00:20:00,00:35:00,9.623376823066263,3
Shaul1,20,00:35:00,00:50:00,0,3
Shaul2,20,00:35:00,00:50:00,0,1
Shaul3,20,00:35:00,00:50:00,0,1
Shaul1,20,00:50:00,01:05:00,0,1
Shaul1,20,07:35:00,07:50:00,25.887050897144807,5
Shaul2,20,07:35:00,07:50:00,26.294592196152692,4
Shaul3,20,07:35:00,07:50:00,0,3
Shaul4,20,07:35:00,07:50:00,8.019480685888553,7
Shaul1,20,07:50:00,08:05:00,24.592698352287567,23
Shaul2,20,07:50:00,08:05:00,24.416407039284643,21
Shaul3,20,07:50:00,08:05:00,0,8
Shaul4,20,07:50:00,08:05:00,7.217532617299697,16
Shaul1,20,08:05:00,08:20:00,21.093152582858732,25
Shaul2,20,08:05:00,08:20:00,24.651180183893146,18
Shaul3,20,08:05:00,08:20:00,0,3
Shaul4,20,08:05:00,08:20:00,9.623376823066263,19
Shaul1,20,08:20:00,08:35:00,13.30306782214386,21
Shaul2,20,08:20:00,08:35:00,26.29459219615269,15
Shaul3,20,08:20:00,08:35:00,0,6
Shaul4,20,08:20:00,08:35:00,9.623376823066263,18
Shaul1,20,08:35:00,08:50:00,17.790343419574626,23
Shaul2,20,08:35:00,08:50:00,26.294592196152692,20
Shaul3,20,08:35:00,08:50:00,0,7
Shaul4,20,08:35:00,08:50:00,9.623376823066263,20
Shaul1,20,08:50:00,09:05:00,14.345740705501079,23
Shaul2,20,08:50:00,09:05:00,26.294592196152692,21
Shaul3,20,08:50:00,09:05:00,0,5
Shaul4,20,08:50:00,09:05:00,9.623376823066263,18
Shaul1,20,09:05:00,09:20:00,23.729796655716072,23
Shaul2,20,09:05:00,09:20:00,24.416407039284643,25
Shaul3,20,09:05:00,09:20:00,0,4
Shaul4,20,09:05:00,09:20:00,8.019480685888553,21
Shaul1,20,09:20:00,09:35:00,23.298345807430334,22
Shaul2,20,09:20:00,09:35:00,23.007768171633607,21
Shaul3,20,09:20:00,09:35:00,0,10
Shaul4,20,09:20:00,09:35:00,8.420454720182981,20
Shaul1,20,09:35:00,09:50:00,22.356998502079605,22
Shaul2,20,09:35:00,09:50:00,21.912160163460573,21
Shaul3,20,09:35:00,09:50:00,0,7
Shaul4,20,09:35:00,09:50:00,8.219967703035767,20
Shaul1,20,09:50:00,10:05:00,23.370254282144618,21
Shaul2,20,09:50:00,10:05:00,24.979862586345053,22
Shaul3,20,09:50:00,10:05:00,0,6
Shaul4,20,09:50:00,10:05:00,9.623376823066263,20
Shaul1,20,10:05:00,10:20:00,25.887050897144807,20
Shaul2,20,10:05:00,10:20:00,26.294592196152692,22
Shaul3,20,10:05:00,10:20:00,0,12
Shaul4,20,10:05:00,10:20:00,9.623376823066263,15
Shaul1,20,10:20:00,10:35:00,24.269110216073255,16
Shaul2,20,10:20:00,10:35:00,20.45134948589654,15
Shaul3,20,10:20:00,10:35:00,0,4
Shaul4,20,10:20:00,10:35:00,8.019480685888553,12
Shaul1,20,10:35:00,10:50:00,24.037975833063033,18
Shaul2,20,10:35:00,10:50:00,26.294592196152692,18
Shaul3,20,10:35:00,10:50:00,0,6
Shaul4,20,10:35:00,10:50:00,8.935992764275815,19
Shaul1,20,10:50:00,11:05:00,22.651169535001706,25
Shaul2,20,10:50:00,11:05:00,26.294592196152692,23
Shaul3,20,10:50:00,11:05:00,0,7
Shaul4,20,10:50:00,11:05:00,9.623376823066263,19
Shaul1,20,11:05:00,11:20:00,25.887050897144807,18
Shaul2,20,11:05:00,11:20:00,24.651180183893146,15
Shaul3,20,11:05:00,11:20:00,0,6
Shaul4,20,11:05:00,11:20:00,8.420454720182981,12
Shaul1,20,11:20:00,11:35:00,25.887050897144807,19
Shaul2,20,11:20:00,11:35:00,26.29459219615268,18
Shaul3,20,11:20:00,11:35:00,0,3
Shaul4,20,11:20:00,11:35:00,6.415584548710842,14
Shaul1,20,11:35:00,11:50:00,25.887050897144807,19
Shaul2,20,11:35:00,11:50:00,24.651180183893146,19
Shaul3,20,11:35:00,11:50:00,0,6
Shaul4,20,11:35:00,11:50:00,7.217532617299697,18
Shaul1,20,11:50:00,12:05:00,25.88705089714481,21
Shaul2,20,11:50:00,12:05:00,23.66513297653742,20
Shaul3,20,11:50:00,12:05:00,0,11
Shaul4,20,11:50:00,12:05:00,8.019480685888553,14
Shaul1,20,12:05:00,12:20:00,24.448881402858987,16
Shaul2,20,12:05:00,12:20:00,24.651180183893146,16
Shaul3,20,12:05:00,12:20:00,0,11
Shaul4,20,12:05:00,12:20:00,7.217532617299697,17
Shaul1,20,12:20:00,12:35:00,22.945340567923804,21
Shaul2,20,12:20:00,12:35:00,24.346844626067302,18
Shaul3,20,12:20:00,12:35:00,0,3
Shaul4,20,12:20:00,12:35:00,7.217532617299696,15
Shaul1,20,12:35:00,12:50:00,12.619937312358093,25
Shaul2,20,12:35:00,12:50:00,17.96797133403767,18
Shaul3,20,12:35:00,12:50:00,0,6
Shaul4,20,12:35:00,12:50:00,9.623376823066263,15
Shaul1,20,12:50:00,13:05:00,18.98383732457286,23
Shaul2,20,12:50:00,13:05:00,24.54161938307584,23
Shaul3,20,12:50:00,13:05:00,0,4
Shaul4,20,12:50:00,13:05:00,8.935992764275815,19
Shaul1,20,13:05:00,13:20:00,24.26911021607326,16
Shaul2,20,13:05:00,13:20:00,23.0077681716336,17
Shaul3,20,13:05:00,13:20:00,0,6
Shaul4,20,13:05:00,13:20:00,4.009740342944276,17
Shaul1,20,13:20:00,13:35:00,15.819864437144048,14
Shaul2,20,13:20:00,13:35:00,21.912160163460573,17
Shaul3,20,13:20:00,13:35:00,0,5
Shaul4,20,13:20:00,13:35:00,8.019480685888553,15
Shaul1,20,13:35:00,13:50:00,22.43544411085884,23
Shaul2,20,13:35:00,13:50:00,26.294592196152685,19
Shaul3,20,13:35:00,13:50:00,0,4
Shaul4,20,13:35:00,13:50:00,8.82142875447741,20
Shaul1,20,13:50:00,14:05:00,17.0042393147912,22
Shaul2,20,13:50:00,14:05:00,25.099383459963928,19
Shaul3,20,13:50:00,14:05:00,5.992911036992531,4
Shaul4,20,13:50:00,14:05:00,4.811688411533131,14
Shaul1,20,14:05:00,14:20:00,23.01071190857317,27
Shaul2,20,14:05:00,14:20:00,26.294592196152685,19
Shaul3,20,14:05:00,14:20:00,0,10
Shaul4,20,14:05:00,14:20:00,4.811688411533131,18
Shaul1,20,14:20:00,14:35:00,20.49391529357297,21
Shaul2,20,14:20:00,14:35:00,24.54161938307584,19
Shaul3,20,14:20:00,14:35:00,0,8
Shaul4,20,14:20:00,14:35:00,7.6987014584530105,15
Shaul1,20,14:35:00,14:50:00,21.57254241428734,27
Shaul2,20,14:35:00,14:50:00,26.29459219615269,17
Shaul3,20,14:35:00,14:50:00,0,3
Shaul4,20,14:35:00,14:50:00,6.415584548710843,14
Shaul1,20,14:50:00,15:05:00,16.826583083144126,23
Shaul2,20,14:50:00,15:05:00,24.41640703928464,23
Shaul3,20,14:50:00,15:05:00,0,8
Shaul4,20,14:50:00,15:05:00,8.82142875447741,23
Shaul1,20,15:05:00,15:20:00,18.847589688272098,23
Shaul2,20,15:05:00,15:20:00,18.89364830420835,22
Shaul3,20,15:05:00,15:20:00,0,5
Shaul4,20,15:05:00,15:20:00,9.623376823066263,17
Shaul1,20,15:20:00,15:35:00,17.25803393142987,19
Shaul2,20,15:20:00,15:35:00,13.585539301345559,19
Shaul3,20,15:20:00,15:35:00,0,5
Shaul4,20,15:20:00,15:35:00,7.217532617299698,16
Shaul1,20,15:35:00,15:50:00,18.87597461250142,18
Shaul2,20,15:35:00,15:50:00,19.40791328763651,21
Shaul3,20,15:35:00,15:50:00,0,4
Shaul4,20,15:35:00,15:50:00,9.623376823066263,13
Shaul1,20,15:50:00,16:05:00,13.015433923286698,24
Shaul2,20,15:50:00,16:05:00,10.570008688374077,23
Shaul3,20,15:50:00,16:05:00,0,10
Shaul4,20,15:50:00,16:05:00,8.019480685888553,19
Shaul1,20,16:05:00,16:20:00,16.77864410000127,22
Shaul2,20,16:05:00,16:20:00,19.087926186836768,21
Shaul3,20,16:05:00,16:20:00,0,8
Shaul4,20,16:05:00,16:20:00,4.811688411533131,15
Shaul1,20,16:20:00,16:35:00,17.258033931429875,17
Shaul2,20,16:20:00,16:35:00,21.912160163460573,16
Shaul3,20,16:20:00,16:35:00,0,5
Shaul4,20,16:20:00,16:35:00,9.623376823066263,15
Shaul1,20,16:35:00,16:50:00,13.37497629685815,18
Shaul2,20,16:35:00,16:50:00,10.901299681321637,17
Shaul3,20,16:35:00,16:50:00,0,5
Shaul4,20,16:35:00,16:50:00,9.623376823066263,13
Shaul1,20,16:50:00,17:05:00,15.34047460571544,27
Shaul2,20,16:50:00,17:05:00,19.720944147114515,19
Shaul3,20,16:50:00,17:05:00,0,6
Shaul4,20,16:50:00,17:05:00,3.2077922743554206,19
Shaul1,20,17:05:00,17:20:00,18.696203425715694,24
Shaul2,20,17:05:00,17:20:00,24.651180183893146,18
Shaul3,20,17:05:00,17:20:00,0,7
Shaul4,20,17:05:00,17:20:00,5.880952502984939,18
Shaul1,20,17:20:00,17:35:00,16.025317222042023,15
Shaul2,20,17:20:00,17:35:00,17.216697271290453,12
Shaul3,20,17:20:00,17:35:00,0,5
Shaul4,20,17:20:00,17:35:00,6.81655858300527,14
Shaul1,20,17:35:00,17:50:00,24.037975833063033,16
Shaul2,20,17:35:00,17:50:00,26.29459219615269,13
Shaul3,20,17:35:00,17:50:00,0,2
Shaul4,20,17:35:00,17:50:00,9.623376823066263,15
Shaul1,20,17:50:00,18:05:00,25.88705089714481,20
Shaul2,20,17:50:00,18:05:00,26.29459219615269,12
Shaul3,20,17:50:00,18:05:00,0,3
Shaul4,20,17:50:00,18:05:00,9.623376823066263,15
Shaul1,20,18:05:00,18:20:00,21.572542414287337,18
Shaul2,20,18:05:00,18:20:00,26.29459219615269,16
Shaul3,20,18:05:00,18:20:00,0,9
Shaul4,20,18:05:00,18:20:00,7.56122464669492,15
Shaul1,20,18:20:00,18:35:00,23.729796655716072,13
Shaul2,20,18:20:00,18:35:00,26.29459219615269,11
Shaul3,20,18:20:00,18:35:00,0,7
Shaul4,20,18:20:00,18:35:00,9.623376823066263,9
Shaul1,20,18:35:00,18:50:00,22.003993262573083,17
Shaul2,20,18:35:00,18:50:00,22.53822188241659,16
Shaul3,20,18:35:00,18:50:00,5.992911036992531,7
Shaul4,20,18:35:00,18:50:00,5.728200489920395,13
Shaul1,20,18:50:00,19:05:00,23.53368263376801,16
Shaul2,20,18:50:00,19:05:00,24.103376179806634,15
Shaul3,20,18:50:00,19:05:00,0,10
Shaul4,20,18:50:00,19:05:00,8.42045472018298,13
Shaul1,20,19:05:00,19:20:00,25.887050897144807,13
Shaul2,20,19:05:00,19:20:00,26.29459219615269,15
Shaul3,20,19:05:00,19:20:00,0,3
Shaul4,20,19:05:00,19:20:00,8.179870299606325,13
Shaul1,20,19:20:00,19:35:00,22.435444110858832,11
Shaul2,20,19:20:00,19:35:00,26.294592196152692,11
Shaul3,20,19:20:00,19:35:00,0,5
Shaul4,20,19:20:00,19:35:00,0,10
Shaul1,20,19:35:00,19:50:00,23.298345807430326,14
Shaul2,20,19:35:00,19:50:00,24.416407039284643,13
Shaul3,20,19:35:00,19:50:00,0,2
Shaul4,20,19:35:00,19:50:00,5.880952502984939,10
Shaul1,20,19:50:00,20:05:00,25.887050897144807,11
Shaul2,20,19:50:00,20:05:00,26.294592196152692,10
Shaul3,20,19:50:00,20:05:00,0,3
Shaul4,20,19:50:00,20:05:00,9.623376823066263,10
Shaul1,20,20:05:00,20:20:00,25.887050897144807,16
Shaul2,20,20:05:00,20:20:00,23.66513297653742,14
Shaul3,20,20:05:00,20:20:00,0,3
Shaul4,20,20:05:00,20:20:00,5.3463204572590355,12
Shaul1,20,20:20:00,20:35:00,25.887050897144807,12
Shaul2,20,20:20:00,20:35:00,26.294592196152692,7
Shaul3,20,20:20:00,20:35:00,0,4
Shaul4,20,20:20:00,20:35:00,9.623376823066263,9
Shaul1,20,20:35:00,20:50:00,25.887050897144807,11
Shaul2,20,20:35:00,20:50:00,26.294592196152692,12
Shaul3,20,20:35:00,20:50:00,0,5
Shaul4,20,20:35:00,20:50:00,9.623376823066263,9
Shaul1,20,20:50:00,21:05:00,25.887050897144807,12
Shaul2,20,20:50:00,21:05:00,26.294592196152692,14
Shaul3,20,20:50:00,21:05:00,0,6
Shaul4,20,20:50:00,21:05:00,0,11
Shaul1,20,21:05:00,21:20:00,0,10
Shaul2,20,21:05:00,21:20:00,26.294592196152692,12
Shaul3,20,21:05:00,21:20:00,0,2
Shaul4,20,21:05:00,21:20:00,9.623376823066263,6
Shaul1,20,21:20:00,21:35:00,25.887050897144807,9
Shaul2,20,21:20:00,21:35:00,0,5
Shaul3,20,21:20:00,21:35:00,0,3
Shaul4,20,21:20:00,21:35:00,7.217532617299697,5
Shaul1,20,21:35:00,21:50:00,25.887050897144807,8
Shaul2,20,21:35:00,21:50:00,26.294592196152692,7
Shaul3,20,21:35:00,21:50:00,0,2
Shaul4,20,21:35:00,21:50:00,0,4
Shaul1,20,21:50:00,22:05:00,25.887050897144807,11
Shaul2,20,21:50:00,22:05:00,26.294592196152692,9
Shaul3,20,21:50:00,22:05:00,0,2
Shaul4,20,21:50:00,22:05:00,9.623376823066263,9
Shaul1,20,22:05:00,22:20:00,25.887050897144807,6
Shaul2,20,22:05:00,22:20:00,26.294592196152692,5
Shaul3,20,22:05:00,22:20:00,0,1
Shaul4,20,22:05:00,22:20:00,9.623376823066263,5
Shaul1,20,22:20:00,22:35:00,25.887050897144807,5
Shaul2,20,22:20:00,22:35:00,26.294592196152692,4
Shaul3,20,22:20:00,22:35:00,0,2
Shaul4,20,22:20:00,22:35:00,9.623376823066263,3
Shaul1,20,22:35:00,22:50:00,25.887050897144807,11
Shaul2,20,22:35:00,22:50:00,26.294592196152692,7
Shaul3,20,22:35:00,22:50:00,0,3
Shaul4,20,22:35:00,22:50:00,9.623376823066263,6
Shaul1,20,22:50:00,23:05:00,25.887050897144807,8
Shaul2,20,22:50:00,23:05:00,0,7
Shaul3,20,22:50:00,23:05:00,0,3
Shaul4,20,22:50:00,23:05:00,4.811688411533131,1
Shaul1,20,23:05:00,23:20:00,25.887050897144807,9
Shaul2,20,23:05:00,23:20:00,26.294592196152692,7
Shaul3,20,23:05:00,23:20:00,0,3
Shaul4,20,23:05:00,23:20:00,9.623376823066263,7
Shaul1,20,23:20:00,23:35:00,0,7
Shaul2,20,23:20:00,23:35:00,26.294592196152692,3
Shaul4,20,23:20:00,23:35:00,9.623376823066263,3
Shaul1,20,23:35:00,23:50:00,0,7
Shaul2,20,23:35:00,23:50:00,0,6
Shaul3,20,23:35:00,23:50:00,0,1
Shaul4,20,23:35:00,23:50:00,9.623376823066263,5
Shaul1,20,23:50:00,23:58:00,25.887050897144807,3
Shaul2,20,23:50:00,23:58:00,26.294592196152692,4
Shaul3,20,23:50:00,23:58:00,0,2
Shaul4,20,23:50:00,23:58:00,9.623376823066263,4
Shaul1,18,00:00:00,00:15:00,0,5
Shaul2,18,00:00:00,00:15:00,26.294592196152692,6
Shaul4,18,00:00:00,00:15:00,0,2
Shaul1,18,00:15:00,00:30:00,0,2
Shaul3,18,00:15:00,00:30:00,0,1
Shaul4,18,00:15:00,00:30:00,9.623376823066263,1
Shaul1,18,00:30:00,00:45:00,25.887050897144807,4
Shaul2,18,00:30:00,00:45:00,0,2
Shaul3,18,00:30:00,00:45:00,0,2
Shaul4,18,00:30:00,00:45:00,0,2
Shaul1,18,00:45:00,01:00:00,0,1
Shaul1,18,05:00:00,05:15:00,0,1
Shaul2,18,05:00:00,05:15:00,0,1
Shaul1,18,05:15:00,05:30:00,0,3
Shaul2,18,05:15:00,05:30:00,26.294592196152692,5
Shaul4,18,05:15:00,05:30:00,0,3
Shaul1,18,05:30:00,05:45:00,25.887050897144807,8
Shaul2,18,05:30:00,05:45:00,0,6
Shaul3,18,05:30:00,05:45:00,0,2
Shaul4,18,05:30:00,05:45:00,0,5
Shaul1,18,05:45:00,06:00:00,0,8
Shaul2,18,05:45:00,06:00:00,0,5
Shaul3,18,05:45:00,06:00:00,0,2
Shaul4,18,05:45:00,06:00:00,0,5
Shaul1,18,06:00:00,06:15:00,25.887050897144807,12
Shaul2,18,06:00:00,06:15:00,26.294592196152692,15
Shaul3,18,06:00:00,06:15:00,0,5
Shaul4,18,06:00:00,06:15:00,0,16
Shaul1,18,06:15:00,06:30:00,25.887050897144807,16
Shaul2,18,06:15:00,06:30:00,0,12
Shaul3,18,06:15:00,06:30:00,0,2
Shaul4,18,06:15:00,06:30:00,9.623376823066263,7
Shaul1,18,06:30:00,06:45:00,25.887050897144807,18
Shaul2,18,06:30:00,06:45:00,26.294592196152692,12
Shaul3,18,06:30:00,06:45:00,0,3
Shaul4,18,06:30:00,06:45:00,4.811688411533131,14
Shaul1,18,06:45:00,07:00:00,25.887050897144807,20
Shaul2,18,06:45:00,07:00:00,26.294592196152692,21
Shaul3,18,06:45:00,07:00:00,0,8
Shaul4,18,06:45:00,07:00:00,7.217532617299697,15
Shaul1,18,07:00:00,07:15:00,21.57254241428734,26
Shaul2,18,07:00:00,07:15:00,26.294592196152692,19
Shaul3,18,07:00:00,07:15:00,0,3
Shaul4,18,07:00:00,07:15:00,9.623376823066263,18
Shaul1,18,07:15:00,07:30:00,23.729796655716072,24
Shaul2,18,07:15:00,07:30:00,26.294592196152692,28
Shaul3,18,07:15:00,07:30:00,0,7
Shaul4,18,07:15:00,07:30:00,8.019480685888555,28
Shaul1,18,07:30:00,07:45:00,24.037975833063033,25
Shaul2,18,07:30:00,07:45:00,26.29459219615269,20
Shaul3,18,07:30:00,07:45:00,0,7
Shaul4,18,07:30:00,07:45:00,9.623376823066263,18
Shaul1,18,07:45:00,08:00:00,21.964770458183473,24
Shaul2,18,07:45:00,08:00:00,21.912160163460577,23
Shaul3,18,07:45:00,08:00:00,0,9
Shaul4,18,07:45:00,08:00:00,8.821428754477408,18
Shaul1,18,08:00:00,08:15:00,24.448881402858984,23
Shaul2,18,08:00:00,08:15:00,26.294592196152685,21
Shaul3,18,08:00:00,08:15:00,0,6
Shaul4,18,08:00:00,08:15:00,9.623376823066263,19
Shaul1,18,08:15:00,08:30:00,21.57254241428734,18
Shaul2,18,08:15:00,08:30:00,23.73817351041562,24
Shaul3,18,08:15:00,08:30:00,0,6
Shaul4,18,08:15:00,08:30:00,6.950216594436746,24
Shaul1,18,08:30:00,08:45:00,21.57254241428734,20
Shaul2,18,08:30:00,08:45:00,26.294592196152685,16
Shaul3,18,08:30:00,08:45:00,0,5
Shaul4,18,08:30:00,08:45:00,7.698701458453011,17
Shaul1,18,08:45:00,09:00:00,23.298345807430334,25
Shaul2,18,08:45:00,09:00:00,26.294592196152685,21
Shaul3,18,08:45:00,09:00:00,0,3
Shaul4,18,08:45:00,09:00:00,9.623376823066263,21
Shaul1,18,09:00:00,09:15:00,23.729796655716076,24
Shaul2,18,09:00:00,09:15:00,23.66513297653742,21
Shaul3,18,09:00:00,09:15:00,0,4
Shaul4,18,09:00:00,09:15:00,9.623376823066264,21
Shaul1,18,09:15:00,09:30:00,24.448881402858984,26
Shaul2,18,09:15:00,09:30:00,26.29459219615269,22
Shaul3,18,09:15:00,09:30:00,0,7
Shaul4,18,09:15:00,09:30:00,9.623376823066263,23
Shaul1,18,09:30:00,09:45:00,24.710366765456403,22
Shaul2,18,09:30:00,09:45:00,26.29459219615268,24
Shaul3,18,09:30:00,09:45:00,0,10
Shaul4,18,09:30:00,09:45:00,9.623376823066263,23
Shaul1,18,09:45:00,10:00:00,24.037975833063037,26
Shaul2,18,09:45:00,10:00:00,26.294592196152692,25
Shaul3,18,09:45:00,10:00:00,0,6
Shaul4,18,09:45:00,10:00:00,7.217532617299698,22
Shaul1,18,10:00:00,10:15:00,25.88705089714481,22
Shaul2,18,10:00:00,10:15:00,23.66513297653742,19
Shaul3,18,10:00:00,10:15:00,0,6
Shaul4,18,10:00:00,10:15:00,9.623376823066263,14
Shaul1,18,10:15:00,10:30:00,20.134372920001514,23
Shaul2,18,10:15:00,10:30:00,26.294592196152692,20
Shaul3,18,10:15:00,10:30:00,0,5
Shaul4,18,10:15:00,10:30:00,9.623376823066264,15
Shaul1,18,10:30:00,10:45:00,22.86689495914458,19
Shaul2,18,10:30:00,10:45:00,23.66513297653742,22
Shaul3,18,10:30:00,10:45:00,0,5
Shaul4,18,10:30:00,10:45:00,9.623376823066263,16
Shaul1,18,10:45:00,11:00:00,24.448881402858984,20
Shaul2,18,10:45:00,11:00:00,26.294592196152692,17
Shaul3,18,10:45:00,11:00:00,0,7
Shaul4,18,10:45:00,11:00:00,8.019480685888553,16
Shaul1,18,11:00:00,11:15:00,25.88705089714481,21
Shaul2,18,11:00:00,11:15:00,26.29459219615269,16
Shaul3,18,11:00:00,11:15:00,0,4
Shaul4,18,11:00:00,11:15:00,7.698701458453011,17
Shaul1,18,11:15:00,11:30:00,22.651169535001706,17
Shaul2,18,11:15:00,11:30:00,26.294592196152685,16
Shaul3,18,11:15:00,11:30:00,0,7
Shaul4,18,11:15:00,11:30:00,9.623376823066263,20
Shaul1,18,11:30:00,11:45:00,21.180314370391205,19
Shaul2,18,11:30:00,11:45:00,26.29459219615269,18
Shaul3,18,11:30:00,11:45:00,0,7
Shaul4,18,11:30:00,11:45:00,4.811688411533131,16
Shaul1,18,11:45:00,12:00:00,25.887050897144807,22
Shaul2,18,11:45:00,12:00:00,26.29459219615269,17
Shaul3,18,11:45:00,12:00:00,0,7
Shaul4,18,11:45:00,12:00:00,9.623376823066263,15
Shaul1,18,12:00:00,12:15:00,25.88705089714481,14
Shaul2,18,12:00:00,12:15:00,26.294592196152685,17
Shaul3,18,12:00:00,12:15:00,0,6
Shaul4,18,12:00:00,12:15:00,7.217532617299697,13
Shaul1,18,12:15:00,12:30:00,22.356998502079605,20
Shaul2,18,12:15:00,12:30:00,26.294592196152685,19
Shaul3,18,12:15:00,12:30:00,0,8
Shaul4,18,12:15:00,12:30:00,9.623376823066263,19
Shaul1,18,12:30:00,12:45:00,25.887050897144807,19
Shaul2,18,12:30:00,12:45:00,23.66513297653742,20
Shaul3,18,12:30:00,12:45:00,0,7
Shaul4,18,12:30:00,12:45:00,7.217532617299699,18
Shaul1,18,12:45:00,13:00:00,21.572542414287337,21
Shaul2,18,12:45:00,13:00:00,24.83378151858865,23
Shaul3,18,12:45:00,13:00:00,0,6
Shaul4,18,12:45:00,13:00:00,6.616071565858055,15
Shaul1,18,13:00:00,13:15:00,24.269110216073255,21
Shaul2,18,13:00:00,13:15:00,26.294592196152685,17
Shaul3,18,13:00:00,13:15:00,5.992911036992531,5
Shaul4,18,13:00:00,13:15:00,3.941001937065231,20
Shaul1,18,13:15:00,13:30:00,25.887050897144807,21
Shaul2,18,13:15:00,13:30:00,24.83378151858865,18
Shaul3,18,13:15:00,13:30:00,0,11
Shaul4,18,13:15:00,13:30:00,9.623376823066263,17
Shaul1,18,13:30:00,13:45:00,25.887050897144807,19
Shaul2,18,13:30:00,13:45:00,23.37297084102461,17
Shaul3,18,13:30:00,13:45:00,0,3
Shaul4,18,13:30:00,13:45:00,9.623376823066263,15
Shaul1,18,13:45:00,14:00:00,25.887050897144807,19
Shaul2,18,13:45:00,14:00:00,26.294592196152685,17
Shaul3,18,13:45:00,14:00:00,0,3
Shaul4,18,13:45:00,14:00:00,7.6987014584530105,17
Shaul1,18,14:00:00,14:15:00,21.318747797648673,23
Shaul2,18,14:00:00,14:15:00,25.198984187979658,21
Shaul3,18,14:00:00,14:15:00,0,4
Shaul4,18,14:00:00,14:15:00,9.623376823066263,20
Shaul1,18,14:15:00,14:30:00,23.01071190857316,14
Shaul2,18,14:15:00,14:30:00,26.294592196152692,11
Shaul3,18,14:15:00,14:30:00,0,6
Shaul4,18,14:15:00,14:30:00,9.623376823066263,12
Shaul1,18,14:30:00,14:45:00,21.904427682199454,23
Shaul2,18,14:30:00,14:45:00,26.294592196152685,18
Shaul3,18,14:30:00,14:45:00,0,8
Shaul4,18,14:30:00,14:45:00,7.217532617299697,17
Shaul1,18,14:45:00,15:00:00,18.696203425715694,17
Shaul2,18,14:45:00,15:00:00,24.103376179806634,19
Shaul3,18,14:45:00,15:00:00,0,2
Shaul4,18,14:45:00,15:00:00,6.415584548710842,14
Shaul1,18,15:00:00,15:15:00,17.25803393142987,15
Shaul2,18,15:00:00,15:15:00,26.294592196152685,14
Shaul3,18,15:00:00,15:15:00,0,6
Shaul4,18,15:00:00,15:15:00,9.623376823066263,14
Shaul1,18,15:15:00,15:30:00,19.014655242307555,22
Shaul2,18,15:15:00,15:30:00,20.90082969437778,18
Shaul3,18,15:15:00,15:30:00,0,7
Shaul4,18,15:15:00,15:30:00,8.821428754477408,17
Shaul1,18,15:30:00,15:45:00,13.37497629685815,20
Shaul2,18,15:30:00,15:45:00,10.92762273086865,20
Shaul3,18,15:30:00,15:45:00,0,8
Shaul4,18,15:30:00,15:45:00,8.340259913324095,17
Shaul1,18,15:45:00,16:00:00,12.159069360780137,17
Shaul2,18,15:45:00,16:00:00,11.85952192339043,19
Shaul3,18,15:45:00,16:00:00,4.99409253082711,11
Shaul4,18,15:45:00,16:00:00,7.818993668741339,16
Shaul1,18,16:00:00,16:15:00,8.747152317031272,20
Shaul2,18,16:00:00,16:15:00,11.726625262780303,28
Shaul3,18,16:00:00,16:15:00,0,10
Shaul4,18,16:00:00,16:15:00,9.623376823066263,15
Shaul1,18,16:15:00,16:30:00,15.46255524601714,36
Shaul2,18,16:15:00,16:30:00,13.22351230734056,29
Shaul3,18,16:15:00,16:30:00,0,9
Shaul4,18,16:15:00,16:30:00,8.019480685888553,20
Shaul1,18,16:30:00,16:45:00,15.100779690001138,18
Shaul2,18,16:30:00,16:45:00,10.371755810704673,16
Shaul3,18,16:30:00,16:45:00,5.992911036992531,7
Shaul4,18,16:30:00,16:45:00,7.217532617299697,17
Shaul1,18,16:45:00,17:00:00,16.436222791837974,12
Shaul2,18,16:45:00,17:00:00,10.721241266312102,19
Shaul3,18,16:45:00,17:00:00,3.9952740246616876,13
Shaul4,18,16:45:00,17:00:00,8.935992764275818,18
Shaul1,18,17:00:00,17:15:00,12.72780002442953,24
Shaul2,18,17:00:00,17:15:00,7.263528012241306,28
Shaul3,18,17:00:00,17:15:00,5.393619933293278,7
Shaul4,18,17:00:00,17:15:00,9.623376823066263,16
Shaul1,18,17:15:00,17:30:00,16.395132234858377,28
Shaul2,18,17:15:00,17:30:00,24.103376179806634,24
Shaul3,18,17:15:00,17:30:00,0,10
Shaul4,18,17:15:00,17:30:00,9.623376823066263,18
Shaul1,18,17:30:00,17:45:00,19.19956274871573,16
Shaul2,18,17:30:00,17:45:00,15.338512114422404,14
Shaul3,18,17:30:00,17:45:00,0,5
Shaul4,18,17:30:00,17:45:00,9.623376823066263,12
Shaul1,18,17:45:00,18:00:00,16.892960136726547,20
Shaul2,18,17:45:00,18:00:00,10.830867737939085,13
Shaul3,18,17:45:00,18:00:00,0,2
Shaul4,18,17:45:00,18:00:00,7.217532617299697,13
Shaul1,18,18:00:00,18:15:00,20.395858282598937,26
Shaul2,18,18:00:00,18:15:00,26.294592196152685,24
Shaul3,18,18:00:00,18:15:00,0,5
Shaul4,18,18:00:00,18:15:00,9.623376823066263,16
Shaul1,18,18:15:00,18:30:00,18.87597461250142,15
Shaul2,18,18:15:00,18:30:00,26.294592196152692,13
Shaul3,18,18:15:00,18:30:00,0,6
Shaul4,18,18:15:00,18:30:00,5.880952502984939,11
Shaul1,18,18:30:00,18:45:00,18.768111900429986,18
Shaul2,18,18:30:00,18:45:00,16.277604692856425,17
Shaul3,18,18:30:00,18:45:00,0,7
Shaul4,18,18:30:00,18:45:00,6.415584548710842,14
Shaul1,18,18:45:00,19:00:00,17.258033931429875,21
Shaul2,18,18:45:00,19:00:00,26.294592196152692,17
Shaul3,18,18:45:00,19:00:00,0,9
Shaul4,18,18:45:00,19:00:00,9.623376823066263,12
Shaul1,18,19:00:00,19:15:00,21.033228853930154,17
Shaul2,18,19:00:00,19:15:00,26.29459219615269,19
Shaul3,18,19:00:00,19:15:00,0,4
Shaul4,18,19:00:00,19:15:00,9.623376823066263,15
Shaul1,18,19:15:00,19:30:00,19.595059359644335,18
Shaul2,18,19:15:00,19:30:00,26.294592196152692,12
Shaul3,18,19:15:00,19:30:00,0,5
Shaul4,18,19:15:00,19:30:00,5.453246866404216,15
Shaul1,18,19:30:00,19:45:00,24.037975833063033,17
Shaul2,18,19:30:00,19:45:00,26.294592196152692,13
Shaul3,18,19:30:00,19:45:00,0,2
Shaul4,18,19:30:00,19:45:00,9.623376823066263,10
Shaul1,18,19:45:00,20:00:00,25.887050897144807,19
Shaul2,18,19:45:00,20:00:00,24.416407039284643,15
Shaul3,18,19:45:00,20:00:00,0,4
Shaul4,18,19:45:00,20:00:00,6.8165585830052695,11
Shaul1,18,20:00:00,20:15:00,19.415288172858606,11
Shaul2,18,20:00:00,20:15:00,26.294592196152692,8
Shaul3,18,20:00:00,20:15:00,0,8
Shaul4,18,20:00:00,20:15:00,8.248608705485369,14
Shaul1,18,20:15:00,20:30:00,25.887050897144807,12
Shaul2,18,20:15:00,20:30:00,26.294592196152692,13
Shaul3,18,20:15:00,20:30:00,0,6
Shaul4,18,20:15:00,20:30:00,8.340259913324095,12
Shaul1,18,20:30:00,20:45:00,25.887050897144807,15
Shaul2,18,20:30:00,20:45:00,26.29459219615269,13
Shaul3,18,20:30:00,20:45:00,0,7
Shaul4,18,20:30:00,20:45:00,8.019480685888553,13
Shaul1,18,20:45:00,21:00:00,25.887050897144807,13
Shaul2,18,20:45:00,21:00:00,0,8
Shaul3,18,20:45:00,21:00:00,0,5
Shaul4,18,20:45:00,21:00:00,8.019480685888553,8
Shaul1,18,21:00:00,21:15:00,25.887050897144807,12
Shaul2,18,21:00:00,21:15:00,26.294592196152692,9
Shaul3,18,21:00:00,21:15:00,0,2
Shaul4,18,21:00:00,21:15:00,8.019480685888553,9
Shaul1,18,21:15:00,21:30:00,25.887050897144807,5
Shaul2,18,21:15:00,21:30:00,26.294592196152692,8
Shaul3,18,21:15:00,21:30:00,0,2
Shaul4,18,21:15:00,21:30:00,0,8
Shaul1,18,21:30:00,21:45:00,25.887050897144807,14
Shaul2,18,21:30:00,21:45:00,26.294592196152692,12
Shaul3,18,21:30:00,21:45:00,0,3
Shaul4,18,21:30:00,21:45:00,9.623376823066263,9
Shaul1,18,21:45:00,22:00:00,25.887050897144807,11
Shaul2,18,21:45:00,22:00:00,26.294592196152692,8
Shaul3,18,21:45:00,22:00:00,0,4
Shaul4,18,21:45:00,22:00:00,8.019480685888553,7
Shaul1,18,22:00:00,22:15:00,25.887050897144807,9
Shaul2,18,22:00:00,22:15:00,26.294592196152692,4
Shaul3,18,22:00:00,22:15:00,0,1
Shaul4,18,22:00:00,22:15:00,9.623376823066263,6
Shaul1,18,22:15:00,22:30:00,25.887050897144807,9
Shaul2,18,22:15:00,22:30:00,26.294592196152692,7
Shaul3,18,22:15:00,22:30:00,0,4
Shaul4,18,22:15:00,22:30:00,9.623376823066263,5
Shaul1,18,22:30:00,22:45:00,25.887050897144807,12
Shaul2,18,22:30:00,22:45:00,26.294592196152692,7
Shaul3,18,22:30:00,22:45:00,0,3
Shaul4,18,22:30:00,22:45:00,9.623376823066263,5
Shaul1,18,22:45:00,23:00:00,0,4
Shaul2,18,22:45:00,23:00:00,0,6
Shaul3,18,22:45:00,23:00:00,0,3
Shaul4,18,22:45:00,23:00:00,7.217532617299697,4
Shaul1,18,23:00:00,23:15:00,25.887050897144807,9
Shaul2,18,23:00:00,23:15:00,26.294592196152692,7
Shaul3,18,23:00:00,23:15:00,0,4
Shaul4,18,23:00:00,23:15:00,9.623376823066263,8
Shaul1,18,23:15:00,23:30:00,0,5
Shaul2,18,23:15:00,23:30:00,13.147296098076346,6
Shaul3,18,23:15:00,23:30:00,0,2
Shaul4,18,23:15:00,23:30:00,9.623376823066263,4
Shaul1,18,23:30:00,23:45:00,25.887050897144807,8
Shaul2,18,23:30:00,23:45:00,0,8
Shaul3,18,23:30:00,23:45:00,0,5
Shaul4,18,23:30:00,23:45:00,0,3
Shaul1,18,23:45:00,23:55:00,25.887050897144807,4
Shaul2,18,23:45:00,23:55:00,26.294592196152692,4
Shaul3,18,23:45:00,23:55:00,0,1
Shaul4,18,23:45:00,23:55:00,9.623376823066263,3
Shaul1,19,00:00:00,00:15:00,0,4
Shaul2,19,00:00:00,00:15:00,26.294592196152692,5
Shaul4,19,00:00:00,00:15:00,0,2
Shaul1,19,00:15:00,00:30:00,0,3
Shaul2,19,00:15:00,00:30:00,0,2
Shaul4,19,00:15:00,00:30:00,9.623376823066263,1
Shaul1,19,00:30:00,00:45:00,25.887050897144807,4
Shaul2,19,00:30:00,00:45:00,26.294592196152692,2
Shaul3,19,00:30:00,00:45:00,0,2
Shaul4,19,00:30:00,00:45:00,0,1
Shaul1,19,00:45:00,01:00:00,0,1
Shaul2,19,05:00:00,05:15:00,0,1
Shaul1,19,05:15:00,05:30:00,0,3
Shaul2,19,05:15:00,05:30:00,0,3
Shaul3,19,05:15:00,05:30:00,0,1
Shaul1,19,05:30:00,05:45:00,0,8
Shaul2,19,05:30:00,05:45:00,0,7
Shaul3,19,05:30:00,05:45:00,0,1
Shaul4,19,05:30:00,05:45:00,9.623376823066263,7
Shaul1,19,05:45:00,06:00:00,25.887050897144807,9
Shaul2,19,05:45:00,06:00:00,0,6
Shaul3,19,05:45:00,06:00:00,0,1
Shaul4,19,05:45:00,06:00:00,0,5
Shaul1,19,06:00:00,06:15:00,25.887050897144807,13
Shaul2,19,06:00:00,06:15:00,26.294592196152692,8
Shaul3,19,06:00:00,06:15:00,0,2
Shaul4,19,06:00:00,06:15:00,7.217532617299697,9
Shaul1,19,06:15:00,06:30:00,25.887050897144807,17
Shaul2,19,06:15:00,06:30:00,26.294592196152692,10
Shaul3,19,06:15:00,06:30:00,0,3
Shaul4,19,06:15:00,06:30:00,0,9
Shaul1,19,06:30:00,06:45:00,25.887050897144807,18
Shaul2,19,06:30:00,06:45:00,26.294592196152692,13
Shaul4,19,06:30:00,06:45:00,9.623376823066263,14
Shaul1,19,06:45:00,07:00:00,25.887050897144807,10
Shaul2,19,06:45:00,07:00:00,26.294592196152692,20
Shaul3,19,06:45:00,07:00:00,0,8
Shaul4,19,06:45:00,07:00:00,0,17
Shaul1,19,07:00:00,07:15:00,23.298345807430326,27
Shaul2,19,07:00:00,07:15:00,26.294592196152692,24
Shaul3,19,07:00:00,07:15:00,0,6
Shaul4,19,07:00:00,07:15:00,9.623376823066263,19
Shaul1,19,07:15:00,07:30:00,25.887050897144807,21
Shaul2,19,07:15:00,07:30:00,26.294592196152692,19
Shaul3,19,07:15:00,07:30:00,0,6
Shaul4,19,07:15:00,07:30:00,5.453246866404215,29
Shaul1,19,07:30:00,07:45:00,25.88705089714481,28
Shaul2,19,07:30:00,07:45:00,26.294592196152692,22
Shaul3,19,07:30:00,07:45:00,0,9
Shaul4,19,07:30:00,07:45:00,9.623376823066263,21
Shaul1,19,07:45:00,08:00:00,24.161247504001818,25
Shaul2,19,07:45:00,08:00:00,26.29459219615268,24
Shaul3,19,07:45:00,08:00:00,0,5
Shaul4,19,07:45:00,08:00:00,8.248608705485367,20
Shaul1,19,08:00:00,08:15:00,25.024149200573323,25
Shaul2,19,08:00:00,08:15:00,26.294592196152685,21
Shaul3,19,08:00:00,08:15:00,0,5
Shaul4,19,08:00:00,08:15:00,9.623376823066263,21
Shaul1,19,08:15:00,08:30:00,23.42161747836911,23
Shaul2,19,08:15:00,08:30:00,26.294592196152685,23
Shaul3,19,08:15:00,08:30:00,0,5
Shaul4,19,08:15:00,08:30:00,7.217532617299697,21
Shaul1,19,08:30:00,08:45:00,25.887050897144807,21
Shaul2,19,08:30:00,08:45:00,24.83378151858865,24
Shaul3,19,08:30:00,08:45:00,0,8
Shaul4,19,08:30:00,08:45:00,9.623376823066263,16
Shaul1,19,08:45:00,09:00:00,22.003993262573086,22
Shaul2,19,08:45:00,09:00:00,23.007768171633607,16
Shaul3,19,08:45:00,09:00:00,0,4
Shaul4,19,08:45:00,09:00:00,8.019480685888553,24
Shaul1,19,09:00:00,09:15:00,24.592698352287563,22
Shaul2,19,09:00:00,09:15:00,26.29459219615269,17
Shaul3,19,09:00:00,09:15:00,0,6
Shaul4,19,09:00:00,09:15:00,8.019480685888553,16
Shaul1,19,09:15:00,09:30:00,24.710366765456403,27
Shaul2,19,09:15:00,09:30:00,24.651180183893146,21
Shaul3,19,09:15:00,09:30:00,5.992911036992531,7
Shaul4,19,09:15:00,09:30:00,9.623376823066263,21
Shaul1,19,09:30:00,09:45:00,25.88705089714481,22
Shaul2,19,09:30:00,09:45:00,26.294592196152692,21
Shaul3,19,09:30:00,09:45:00,0,7
Shaul4,19,09:30:00,09:45:00,7.6987014584530105,21
Shaul1,19,09:45:00,10:00:00,15.819864437144048,9
Shaul2,19,09:45:00,10:00:00,0,6
Shaul4,19,09:45:00,10:00:00,9.623376823066263,8
Shaul1,19,10:00:00,10:15:00,21.57254241428734,5
Shaul2,19,10:00:00,10:15:00,26.294592196152692,4
Shaul4,19,10:00:00,10:15:00,7.217532617299697,5
Shaul1,19,10:15:00,10:30:00,25.887050897144807,21
Shaul2,19,10:15:00,10:30:00,26.294592196152692,17
Shaul3,19,10:15:00,10:30:00,0,8
Shaul4,19,10:15:00,10:30:00,0,14
Shaul1,19,10:30:00,10:45:00,24.448881402858987,20
Shaul2,19,10:30:00,10:45:00,26.294592196152685,17
Shaul3,19,10:30:00,10:45:00,0,5
Shaul4,19,10:30:00,10:45:00,8.661039140759637,18
Shaul1,19,10:45:00,11:00:00,25.887050897144807,18
Shaul2,19,10:45:00,11:00:00,26.294592196152692,15
Shaul3,19,10:45:00,11:00:00,0,3
Shaul4,19,10:45:00,11:00:00,9.623376823066263,18
Shaul1,19,11:00:00,11:15:00,24.448881402858984,22
Shaul2,19,11:00:00,11:15:00,26.29459219615269,15
Shaul3,19,11:00:00,11:15:00,0,10
Shaul4,19,11:00:00,11:15:00,7.4848486401626495,21
Shaul1,19,11:15:00,11:30:00,22.651169535001706,17
Shaul2,19,11:15:00,11:30:00,26.294592196152692,13
Shaul3,19,11:15:00,11:30:00,0,5
Shaul4,19,11:15:00,11:30:00,8.420454720182981,18
Shaul1,19,11:30:00,11:45:00,22.651169535001706,18
Shaul2,19,11:30:00,11:45:00,24.416407039284643,16
Shaul3,19,11:30:00,11:45:00,0,5
Shaul4,19,11:30:00,11:45:00,8.248608705485369,20
Shaul1,19,11:45:00,12:00:00,22.29162716143025,20
Shaul2,19,11:45:00,12:00:00,24.979862586345053,20
Shaul3,19,11:45:00,12:00:00,0,3
Shaul4,19,11:45:00,12:00:00,7.217532617299697,19
Shaul1,19,12:00:00,12:15:00,23.298345807430326,18
Shaul2,19,12:00:00,12:15:00,26.294592196152685,18
Shaul3,19,12:00:00,12:15:00,0,3
Shaul4,19,12:00:00,12:15:00,8.019480685888553,19
Shaul1,19,12:15:00,12:30:00,24.037975833063033,18
Shaul2,19,12:15:00,12:30:00,23.665132976537414,19
Shaul3,19,12:15:00,12:30:00,0,8
Shaul4,19,12:15:00,12:30:00,6.014610514416415,14
Shaul1,19,12:30:00,12:45:00,23.01071190857316,17
Shaul2,19,12:30:00,12:45:00,23.66513297653742,13
Shaul3,19,12:30:00,12:45:00,0,5
Shaul4,19,12:30:00,12:45:00,9.623376823066263,14
Shaul1,19,12:45:00,13:00:00,24.26911021607326,15
Shaul2,19,12:45:00,13:00:00,26.294592196152692,15
Shaul3,19,12:45:00,13:00:00,5.992911036992531,2
Shaul4,19,12:45:00,13:00:00,8.420454720182981,14
Shaul1,19,13:00:00,13:15:00,25.887050897144807,13
Shaul2,19,13:00:00,13:15:00,23.0077681716336,13
Shaul3,19,13:00:00,13:15:00,0,3
Shaul4,19,13:00:00,13:15:00,8.661039140759637,10
Shaul1,19,13:15:00,13:30:00,25.88705089714481,19
Shaul2,19,13:15:00,13:30:00,20.650550941927992,22
Shaul3,19,13:15:00,13:30:00,0,7
Shaul4,19,13:15:00,13:30:00,7.217532617299698,21
Shaul1,19,13:30:00,13:45:00,22.749226545975738,20
Shaul2,19,13:30:00,13:45:00,23.73817351041562,19
Shaul3,19,13:30:00,13:45:00,0,7
Shaul4,19,13:30:00,13:45:00,4.811688411533131,13
Shaul1,19,13:45:00,14:00:00,22.651169535001706,14
Shaul2,19,13:45:00,14:00:00,23.66513297653742,13
Shaul3,19,13:45:00,14:00:00,0,4
Shaul4,19,13:45:00,14:00:00,4.918614820678312,13
Shaul1,19,14:00:00,14:15:00,17.25803393142987,16
Shaul2,19,14:00:00,14:15:00,26.294592196152685,19
Shaul3,19,14:00:00,14:15:00,0,4
Shaul4,19,14:00:00,14:15:00,9.623376823066263,13
Shaul1,19,14:15:00,14:30:00,21.572542414287337,16
Shaul2,19,14:15:00,14:30:00,26.294592196152692,11
Shaul3,19,14:15:00,14:30:00,0,2
Shaul4,19,14:15:00,14:30:00,4.811688411533131,9
Shaul1,19,14:30:00,14:45:00,21.18031437039121,21
Shaul2,19,14:30:00,14:45:00,24.103376179806634,17
Shaul3,19,14:30:00,14:45:00,0,4
Shaul4,19,14:30:00,14:45:00,8.82142875447741,11
Shaul1,19,14:45:00,15:00:00,18.33666105214424,18
Shaul2,19,14:45:00,15:00:00,22.53822188241659,16
Shaul3,19,14:45:00,15:00:00,0,2
Shaul4,19,14:45:00,15:00:00,8.019480685888553,17
Shaul1,19,15:00:00,15:15:00,20.576886610551,22
Shaul2,19,15:00:00,15:15:00,22.642565502242594,20
Shaul3,19,15:00:00,15:15:00,0,7
Shaul4,19,15:00:00,15:15:00,7.217532617299697,14
Shaul1,19,15:15:00,15:30:00,12.943525448572403,1
Shaul2,19,15:15:00,15:30:00,0,2
Shaul4,19,15:15:00,15:30:00,0,1
Shaul1,19,15:30:00,15:45:00,19.415288172858606,5
Shaul2,19,15:30:00,15:45:00,14.462025707883981,7
Shaul3,19,15:30:00,15:45:00,0,2
Shaul4,19,15:30:00,15:45:00,9.623376823066263,8
Shaul1,19,15:45:00,16:00:00,23.42161747836911,15
Shaul2,19,15:45:00,16:00:00,11.124334168699718,14
Shaul3,19,15:45:00,16:00:00,0,2
Shaul4,19,15:45:00,16:00:00,0,7
Shaul1,19,16:00:00,16:15:00,14.02215256928677,21
Shaul2,19,16:00:00,16:15:00,14.228295999473733,24
Shaul3,19,16:00:00,16:15:00,0,7
Shaul4,19,16:00:00,16:15:00,8.661039140759636,23
Shaul1,19,16:15:00,16:30:00,16.641675576735953,20
Shaul2,19,16:15:00,16:30:00,23.665132976537425,17
Shaul3,19,16:15:00,16:30:00,0,5
Shaul4,19,16:15:00,16:30:00,8.420454720182981,17
Shaul1,19,16:30:00,16:45:00,18.04249001922214,15
Shaul2,19,16:30:00,16:45:00,25.198984187979658,19
Shaul3,19,16:30:00,16:45:00,0,8
Shaul4,19,16:30:00,16:45:00,9.623376823066263,15
Shaul1,19,16:45:00,17:00:00,17.25803393142987,19
Shaul2,19,16:45:00,17:00:00,26.29459219615269,13
Shaul3,19,16:45:00,17:00:00,0,5
Shaul4,19,16:45:00,17:00:00,6.736363776146385,17
Shaul1,19,17:00:00,17:15:00,22.051932245715953,27
Shaul2,19,17:00:00,17:15:00,26.294592196152685,20
Shaul3,19,17:00:00,17:15:00,0,7
Shaul4,19,17:00:00,17:15:00,8.019480685888553,21
Shaul1,19,17:15:00,17:30:00,22.33392626420337,28
Shaul2,19,17:15:00,17:30:00,26.294592196152685,25
Shaul3,19,17:15:00,17:30:00,0,4
Shaul4,19,17:15:00,17:30:00,8.420454720182981,26
Shaul1,19,17:30:00,17:45:00,25.887050897144807,12
Shaul2,19,17:30:00,17:45:00,26.29459219615269,11
Shaul3,19,17:30:00,17:45:00,0,4
Shaul4,19,17:30:00,17:45:00,7.217532617299697,17
Shaul1,19,17:45:00,18:00:00,15.91574240342977,19
Shaul2,19,17:45:00,18:00:00,26.294592196152685,14
Shaul3,19,17:45:00,18:00:00,0,6
Shaul4,19,17:45:00,18:00:00,7.217532617299698,20
Shaul1,19,18:00:00,18:15:00,16.39513223485838,24
Shaul2,19,18:00:00,18:15:00,21.71295870742911,18
Shaul3,19,18:00:00,18:15:00,0,5
Shaul4,19,18:00:00,18:15:00,7.618506651594124,16
Shaul1,19,18:15:00,18:30:00,18.552386476287115,22
Shaul2,19,18:15:00,18:30:00,26.294592196152685,16
Shaul3,19,18:15:00,18:30:00,0,6
Shaul4,19,18:15:00,18:30:00,7.217532617299697,17
Shaul1,19,18:30:00,18:45:00,21.572542414287344,20
Shaul2,19,18:30:00,18:45:00,24.416407039284643,15
Shaul3,19,18:30:00,18:45:00,0,4
Shaul4,19,18:30:00,18:45:00,8.420454720182981,11
Shaul1,19,18:45:00,19:00:00,20.85345766714443,24
Shaul2,19,18:45:00,19:00:00,23.66513297653742,20
Shaul3,19,18:45:00,19:00:00,0,7
Shaul4,19,18:45:00,19:00:00,6.415584548710842,16
Shaul1,19,19:00:00,19:15:00,25.88705089714481,15
Shaul2,19,19:00:00,19:15:00,24.651180183893146,16
Shaul3,19,19:00:00,19:15:00,0,7
Shaul4,19,19:00:00,19:15:00,7.6987014584530105,17
Shaul1,19,19:15:00,19:30:00,22.651169535001706,17
Shaul2,19,19:15:00,19:30:00,21.912160163460573,13
Shaul3,19,19:15:00,19:30:00,0,4
Shaul4,19,19:15:00,19:30:00,6.415584548710842,12
Shaul1,19,19:30:00,19:45:00,24.710366765456403,19
Shaul2,19,19:30:00,19:45:00,26.294592196152692,14
Shaul3,19,19:30:00,19:45:00,0,6
Shaul4,19,19:30:00,19:45:00,6.682900571573793,17
Shaul1,19,19:45:00,20:00:00,12.943525448572403,11
Shaul2,19,19:45:00,20:00:00,26.294592196152692,10
Shaul3,19,19:45:00,20:00:00,0,6
Shaul4,19,19:45:00,20:00:00,0,8
Shaul1,19,20:00:00,20:15:00,25.887050897144807,15
Shaul2,19,20:00:00,20:15:00,26.294592196152692,11
Shaul3,19,20:00:00,20:15:00,0,5
Shaul4,19,20:00:00,20:15:00,8.420454720182981,10
Shaul1,19,20:15:00,20:30:00,25.887050897144807,11
Shaul2,19,20:15:00,20:30:00,26.294592196152692,12
Shaul3,19,20:15:00,20:30:00,0,6
Shaul4,19,20:15:00,20:30:00,9.623376823066263,15
Shaul1,19,20:30:00,20:45:00,23.298345807430326,18
Shaul2,19,20:30:00,20:45:00,26.294592196152692,15
Shaul3,19,20:30:00,20:45:00,0,7
Shaul4,19,20:30:00,20:45:00,9.623376823066263,13
Shaul1,19,20:45:00,21:00:00,25.887050897144807,12
Shaul2,19,20:45:00,21:00:00,0,10
Shaul3,19,20:45:00,21:00:00,0,5
Shaul4,19,20:45:00,21:00:00,8.420454720182981,10
Shaul1,19,21:00:00,21:15:00,25.887050897144807,16
Shaul2,19,21:00:00,21:15:00,26.294592196152692,12
Shaul3,19,21:00:00,21:15:00,0,5
Shaul4,19,21:00:00,21:15:00,6.415584548710842,13
Shaul1,19,21:15:00,21:30:00,0,5
Shaul2,19,21:15:00,21:30:00,26.294592196152692,3
Shaul3,19,21:15:00,21:30:00,0,2
Shaul4,19,21:15:00,21:30:00,9.623376823066263,9
Shaul1,19,21:30:00,21:45:00,19.415288172858606,10
Shaul2,19,21:30:00,21:45:00,0,8
Shaul3,19,21:30:00,21:45:00,0,1
Shaul4,19,21:30:00,21:45:00,9.623376823066263,8
Shaul1,19,21:45:00,22:00:00,25.887050897144807,12
Shaul2,19,21:45:00,22:00:00,21.912160163460573,10
Shaul3,19,21:45:00,22:00:00,0,1
Shaul4,19,21:45:00,22:00:00,7.217532617299697,7
Shaul1,19,22:00:00,22:15:00,25.887050897144807,9
Shaul2,19,22:00:00,22:15:00,26.294592196152692,5
Shaul4,19,22:00:00,22:15:00,0,7
Shaul1,19,22:15:00,22:30:00,25.887050897144807,9
Shaul2,19,22:15:00,22:30:00,26.294592196152692,9
Shaul3,19,22:15:00,22:30:00,0,3
Shaul4,19,22:15:00,22:30:00,9.623376823066263,7
Shaul1,19,22:30:00,22:45:00,25.887050897144807,8
Shaul2,19,22:30:00,22:45:00,23.007768171633604,7
Shaul3,19,22:30:00,22:45:00,0,3
Shaul4,19,22:30:00,22:45:00,9.623376823066263,9
Shaul1,19,22:45:00,23:00:00,25.887050897144807,6
Shaul2,19,22:45:00,23:00:00,26.294592196152692,3
Shaul3,19,22:45:00,23:00:00,0,2
Shaul4,19,22:45:00,23:00:00,4.811688411533131,6
Shaul1,19,23:00:00,23:15:00,0,10
Shaul2,19,23:00:00,23:15:00,26.294592196152692,4
Shaul3,19,23:00:00,23:15:00,0,4
Shaul4,19,23:00:00,23:15:00,4.811688411533131,5
Shaul1,19,23:15:00,23:30:00,25.887050897144807,6
Shaul2,19,23:15:00,23:30:00,26.294592196152692,4
Shaul4,19,23:15:00,23:30:00,9.623376823066263,7
Shaul1,19,23:30:00,23:45:00,0,7
Shaul2,19,23:30:00,23:45:00,23.007768171633604,7
Shaul3,19,23:30:00,23:45:00,0,2
Shaul4,19,23:30:00,23:45:00,9.623376823066263,7
Shaul1,19,23:45:00,23:59:00,0,3
Shaul2,19,23:45:00,23:59:00,26.294592196152692,2
Shaul4,19,23:45:00,23:59:00,0,4
Shaul1,17,00:00:00,00:15:00,25.887050897144807,6
Shaul2,17,00:00:00,00:15:00,0,4
Shaul3,17,00:00:00,00:15:00,0,1
Shaul4,17,00:00:00,00:15:00,0,3
Shaul1,17,00:15:00,00:30:00,0,6
Shaul2,17,00:15:00,00:30:00,26.294592196152692,4
Shaul3,17,00:15:00,00:30:00,0,3
Shaul4,17,00:15:00,00:30:00,0,3
Shaul1,17,00:30:00,00:45:00,0,3
Shaul2,17,00:30:00,00:45:00,0,2
Shaul4,17,00:30:00,00:45:00,0,1
Shaul1,17,05:00:00,05:15:00,0,1
Shaul2,17,05:00:00,05:15:00,0,1
Shaul3,17,05:00:00,05:15:00,0,1
Shaul1,17,05:15:00,05:30:00,0,3
Shaul2,17,05:15:00,05:30:00,0,3
Shaul3,17,05:15:00,05:30:00,0,1
Shaul4,17,05:15:00,05:30:00,0,2
Shaul1,17,05:30:00,05:45:00,0,11
Shaul2,17,05:30:00,05:45:00,26.294592196152692,5
Shaul3,17,05:30:00,05:45:00,0,3
Shaul4,17,05:30:00,05:45:00,9.623376823066263,6
Shaul1,17,05:45:00,06:00:00,0,9
Shaul2,17,05:45:00,06:00:00,0,8
Shaul3,17,05:45:00,06:00:00,0,1
Shaul4,17,05:45:00,06:00:00,0,8
Shaul1,17,06:00:00,06:15:00,19.415288172858606,15
Shaul2,17,06:00:00,06:15:00,26.294592196152692,11
Shaul3,17,06:00:00,06:15:00,0,5
Shaul4,17,06:00:00,06:15:00,9.623376823066263,11
Shaul1,17,06:15:00,06:30:00,25.887050897144807,16
Shaul2,17,06:15:00,06:30:00,0,14
Shaul3,17,06:15:00,06:30:00,0,1
Shaul4,17,06:15:00,06:30:00,9.623376823066263,10
Shaul1,17,06:30:00,06:45:00,25.887050897144807,15
Shaul2,17,06:30:00,06:45:00,26.294592196152692,14
Shaul3,17,06:30:00,06:45:00,0,6
Shaul4,17,06:30:00,06:45:00,9.623376823066263,21
Shaul1,17,06:45:00,07:00:00,19.415288172858606,15
Shaul2,17,06:45:00,07:00:00,26.294592196152692,22
Shaul3,17,06:45:00,07:00:00,0,4
Shaul4,17,06:45:00,07:00:00,4.811688411533131,18
Shaul1,17,07:00:00,07:15:00,23.729796655716072,21
Shaul2,17,07:00:00,07:15:00,26.294592196152692,21
Shaul3,17,07:00:00,07:15:00,0,5
Shaul4,17,07:00:00,07:15:00,0,20
Shaul1,17,07:15:00,07:30:00,24.448881402858984,26
Shaul2,17,07:15:00,07:30:00,26.294592196152692,24
Shaul3,17,07:15:00,07:30:00,0,10
Shaul4,17,07:15:00,07:30:00,8.420454720182981,25
Shaul1,17,07:30:00,07:45:00,22.356998502079605,21
Shaul2,17,07:30:00,07:45:00,26.294592196152692,15
Shaul3,17,07:30:00,07:45:00,0,5
Shaul4,17,07:30:00,07:45:00,8.420454720182981,17
Shaul1,17,07:45:00,08:00:00,24.037975833063033,23
Shaul2,17,07:45:00,08:00:00,26.29459219615269,26
Shaul3,17,07:45:00,08:00:00,0,4
Shaul4,17,07:45:00,08:00:00,9.623376823066263,18
Shaul1,17,08:00:00,08:15:00,24.448881402858984,24
Shaul2,17,08:00:00,08:15:00,26.294592196152685,25
Shaul3,17,08:00:00,08:15:00,0,9
Shaul4,17,08:00:00,08:15:00,9.623376823066263,19
Shaul1,17,08:15:00,08:30:00,25.887050897144807,18
Shaul2,17,08:15:00,08:30:00,24.651180183893146,20
Shaul3,17,08:15:00,08:30:00,0,8
Shaul4,17,08:15:00,08:30:00,9.623376823066263,20
Shaul1,17,08:30:00,08:45:00,21.033228853930158,18
Shaul2,17,08:30:00,08:45:00,26.294592196152692,19
Shaul3,17,08:30:00,08:45:00,0,8
Shaul4,17,08:30:00,08:45:00,7.7521646630256,19
Shaul1,17,08:45:00,09:00:00,25.88705089714481,16
Shaul2,17,08:45:00,09:00:00,26.294592196152692,13
Shaul3,17,08:45:00,09:00:00,0,8
Shaul4,17,08:45:00,09:00:00,9.623376823066263,19
Shaul1,17,09:00:00,09:15:00,25.887050897144807,12
Shaul2,17,09:00:00,09:15:00,26.294592196152692,8
Shaul3,17,09:00:00,09:15:00,0,2
Shaul4,17,09:00:00,09:15:00,0,5
Shaul1,17,09:15:00,09:30:00,0,2
Shaul2,17,09:15:00,09:30:00,0,1
Shaul3,17,09:15:00,09:30:00,0,2
Shaul4,17,09:15:00,09:30:00,0,2
Shaul1,17,09:30:00,09:45:00,25.887050897144807,2
Shaul2,17,09:30:00,09:45:00,0,4
Shaul3,17,09:30:00,09:45:00,0,1
Shaul4,17,09:30:00,09:45:00,0,3
Shaul2,17,09:45:00,10:00:00,26.294592196152692,2
Shaul4,17,09:45:00,10:00:00,0,1
Shaul1,17,10:00:00,10:15:00,19.415288172858606,8
Shaul2,17,10:00:00,10:15:00,0,8
Shaul3,17,10:00:00,10:15:00,0,3
Shaul4,17,10:00:00,10:15:00,0,8
Shaul1,17,10:15:00,10:30:00,12.943525448572403,8
Shaul2,17,10:15:00,10:30:00,26.294592196152692,11
Shaul3,17,10:15:00,10:30:00,0,7
Shaul4,17,10:15:00,10:30:00,9.623376823066263,14
Shaul1,17,10:30:00,10:45:00,22.651169535001706,9
Shaul2,17,10:30:00,10:45:00,26.294592196152692,8
Shaul3,17,10:30:00,10:45:00,0,6
Shaul4,17,10:30:00,10:45:00,9.623376823066263,6
Shaul1,17,10:45:00,11:00:00,0,8
Shaul2,17,10:45:00,11:00:00,26.294592196152692,13
Shaul3,17,10:45:00,11:00:00,0,6
Shaul4,17,10:45:00,11:00:00,0,10
Shaul1,17,11:00:00,11:15:00,22.651169535001706,18
Shaul2,17,11:00:00,11:15:00,24.41640703928464,17
Shaul3,17,11:00:00,11:15:00,0,3
Shaul4,17,11:00:00,11:15:00,9.623376823066263,15
Shaul1,17,11:15:00,11:30:00,0,16
Shaul2,17,11:15:00,11:30:00,26.294592196152692,15
Shaul3,17,11:15:00,11:30:00,0,7
Shaul4,17,11:15:00,11:30:00,6.950216594436746,20
Shaul1,17,11:30:00,11:45:00,23.729796655716072,14
Shaul2,17,11:30:00,11:45:00,21.912160163460577,11
Shaul3,17,11:30:00,11:45:00,0,4
Shaul4,17,11:30:00,11:45:00,8.661039140759637,15
Shaul1,17,11:45:00,12:00:00,25.887050897144807,23
Shaul2,17,11:45:00,12:00:00,24.83378151858865,19
Shaul3,17,11:45:00,12:00:00,0,6
Shaul4,17,11:45:00,12:00:00,9.623376823066263,17
Shaul1,17,12:00:00,12:15:00,25.887050897144807,19
Shaul2,17,12:00:00,12:15:00,24.83378151858865,19
Shaul3,17,12:00:00,12:15:00,0,6
Shaul4,17,12:00:00,12:15:00,8.019480685888553,21
Shaul1,17,12:15:00,12:30:00,25.887050897144807,20
Shaul2,17,12:15:00,12:30:00,23.372970841024614,20
Shaul3,17,12:15:00,12:30:00,0,3
Shaul4,17,12:15:00,12:30:00,7.057143003581925,21
Shaul1,17,12:30:00,12:45:00,22.188900768981263,17
Shaul2,17,12:30:00,12:45:00,21.912160163460573,14
Shaul3,17,12:30:00,12:45:00,0,6
Shaul4,17,12:30:00,12:45:00,9.623376823066263,18
Shaul1,17,12:45:00,13:00:00,22.651169535001706,20
Shaul2,17,12:45:00,13:00:00,26.29459219615269,18
Shaul3,17,12:45:00,13:00:00,0,12
Shaul4,17,12:45:00,13:00:00,9.623376823066263,20
Shaul1,17,13:00:00,13:15:00,22.651169535001703,24
Shaul2,17,13:00:00,13:15:00,26.294592196152685,21
Shaul3,17,13:00:00,13:15:00,0,6
Shaul4,17,13:00:00,13:15:00,9.623376823066264,22
Shaul1,17,13:15:00,13:30:00,22.90008348593579,23
Shaul2,17,13:15:00,13:30:00,26.294592196152685,15
Shaul3,17,13:15:00,13:30:00,0,4
Shaul4,17,13:15:00,13:30:00,8.82142875447741,19
Shaul1,17,13:30:00,13:45:00,14.201923756072501,23
Shaul2,17,13:30:00,13:45:00,21.035673756922147,19
Shaul3,17,13:30:00,13:45:00,0,9
Shaul4,17,13:30:00,13:45:00,4.811688411533131,20
Shaul1,17,13:45:00,14:00:00,17.078262744644142,20
Shaul2,17,13:45:00,14:00:00,24.651180183893146,20
Shaul3,17,13:45:00,14:00:00,0,6
Shaul4,17,13:45:00,14:00:00,8.019480685888553,15
Shaul1,17,14:00:00,14:15:00,18.336661052144244,26
Shaul2,17,14:00:00,14:15:00,24.651180183893146,21
Shaul3,17,14:00:00,14:15:00,0,8
Shaul4,17,14:00:00,14:15:00,6.415584548710842,21
Shaul1,17,14:15:00,14:30:00,22.003993262573083,27
Shaul2,17,14:15:00,14:30:00,26.294592196152685,18
Shaul3,17,14:15:00,14:30:00,0,6
Shaul4,17,14:15:00,14:30:00,9.623376823066263,19
Shaul1,17,14:30:00,14:45:00,23.01071190857316,19
Shaul2,17,14:30:00,14:45:00,26.29459219615268,20
Shaul3,17,14:30:00,14:45:00,0,6
Shaul4,17,14:30:00,14:45:00,9.623376823066263,22
Shaul1,17,14:45:00,15:00:00,18.875974612501427,23
Shaul2,17,14:45:00,15:00:00,24.651180183893143,25
Shaul3,17,14:45:00,15:00:00,0,5
Shaul4,17,14:45:00,15:00:00,6.644712568307658,21
Shaul1,17,15:00:00,15:15:00,16.92930947559311,28
Shaul2,17,15:00:00,15:15:00,21.91216016346058,20
Shaul3,17,15:00:00,15:15:00,0,6
Shaul4,17,15:00:00,15:15:00,3.2077922743554206,20
Shaul1,17,15:15:00,15:30:00,17.258033931429875,22
Shaul2,17,15:15:00,15:30:00,19.903545481810024,20
Shaul3,17,15:15:00,15:30:00,0,3
Shaul4,17,15:15:00,15:30:00,8.420454720182981,16
Shaul1,17,15:30:00,15:45:00,21.033228853930154,15
Shaul2,17,15:30:00,15:45:00,20.378308952018337,17
Shaul3,17,15:30:00,15:45:00,0,3
Shaul4,17,15:30:00,15:45:00,9.623376823066263,19
Shaul1,17,15:45:00,16:00:00,13.19732006521108,25
Shaul2,17,15:45:00,16:00:00,11.306674644345659,23
Shaul3,17,15:45:00,16:00:00,0,6
Shaul4,17,15:45:00,16:00:00,9.623376823066264,24
Shaul1,17,16:00:00,16:15:00,14.005558305891165,21
Shaul2,17,16:00:00,16:15:00,13.635102520762908,23
Shaul3,17,16:00:00,16:15:00,0,1
Shaul4,17,16:00:00,16:15:00,9.623376823066263,19
Shaul1,17,16:15:00,16:30:00,13.752495789108178,25
Shaul2,17,16:15:00,16:30:00,20.341788685079234,23
Shaul3,17,16:15:00,16:30:00,0,1
Shaul4,17,16:15:00,16:30:00,8.019480685888553,16
Shaul1,17,16:30:00,16:45:00,21.356816990144466,20
Shaul2,17,16:30:00,16:45:00,26.294592196152692,18
Shaul3,17,16:30:00,16:45:00,0,5
Shaul4,17,16:30:00,16:45:00,9.623376823066263,17
Shaul1,17,16:45:00,17:00:00,16.94985475408291,21
Shaul2,17,16:45:00,17:00:00,21.912160163460573,23
Shaul3,17,16:45:00,17:00:00,0,4
Shaul4,17,16:45:00,17:00:00,8.019480685888553,20
Shaul1,17,17:00:00,17:15:00,22.003993262573086,24
Shaul2,17,17:00:00,17:15:00,26.294592196152685,18
Shaul3,17,17:00:00,17:15:00,0,6
Shaul4,17,17:00:00,17:15:00,6.415584548710842,18
Shaul1,17,17:15:00,17:30:00,21.064953181009997,32
Shaul2,17,17:15:00,17:30:00,26.294592196152685,23
Shaul3,17,17:15:00,17:30:00,0,7
Shaul4,17,17:15:00,17:30:00,9.623376823066264,23
Shaul1,17,17:30:00,17:45:00,23.729796655716072,14
Shaul2,17,17:30:00,17:45:00,19.72094414711452,10
Shaul3,17,17:30:00,17:45:00,0,5
Shaul4,17,17:30:00,17:45:00,6.415584548710842,14
Shaul1,17,17:45:00,18:00:00,21.213000040715883,20
Shaul2,17,17:45:00,18:00:00,26.294592196152685,18
Shaul3,17,17:45:00,18:00:00,5.992911036992531,6
Shaul4,17,17:45:00,18:00:00,8.661039140759637,20
Shaul1,17,18:00:00,18:15:00,17.497728847144177,15
Shaul2,17,18:00:00,18:15:00,26.29459219615269,17
Shaul3,17,18:00:00,18:15:00,0,6
Shaul4,17,18:00:00,18:15:00,8.019480685888553,18
Shaul1,17,18:15:00,18:30:00,20.70964071771585,19
Shaul2,17,18:15:00,18:30:00,23.66513297653742,16
Shaul3,17,18:15:00,18:30:00,0,4
Shaul4,17,18:15:00,18:30:00,9.623376823066263,12
Shaul1,17,18:30:00,18:45:00,19.415288172858606,15
Shaul2,17,18:30:00,18:45:00,26.294592196152685,16
Shaul3,17,18:30:00,18:45:00,0,6
Shaul4,17,18:30:00,18:45:00,9.623376823066263,13
Shaul1,17,18:45:00,19:00:00,20.339825704899493,21
Shaul2,17,18:45:00,19:00:00,26.29459219615269,22
Shaul3,17,18:45:00,19:00:00,0,9
Shaul4,17,18:45:00,19:00:00,5.95732850951721,19
Shaul1,17,19:00:00,19:15:00,24.71036676545641,22
Shaul2,17,19:00:00,19:15:00,26.29459219615268,16
Shaul3,17,19:00:00,19:15:00,0,5
Shaul4,17,19:00:00,19:15:00,6.736363776146385,15
Shaul1,17,19:15:00,19:30:00,25.88705089714481,16
Shaul2,17,19:15:00,19:30:00,26.29459219615269,15
Shaul3,17,19:15:00,19:30:00,0,7
Shaul4,17,19:15:00,19:30:00,4.54437238867018,16
Shaul1,17,19:30:00,19:45:00,23.729796655716072,17
Shaul2,17,19:30:00,19:45:00,26.294592196152692,15
Shaul3,17,19:30:00,19:45:00,0,5
Shaul4,17,19:30:00,19:45:00,7.217532617299697,16
Shaul1,17,19:45:00,20:00:00,25.887050897144807,15
Shaul2,17,19:45:00,20:00:00,26.294592196152692,7
Shaul3,17,19:45:00,20:00:00,0,5
Shaul4,17,19:45:00,20:00:00,9.623376823066263,9
Shaul1,17,20:00:00,20:15:00,25.88705089714481,12
Shaul2,17,20:00:00,20:15:00,26.294592196152692,11
Shaul3,17,20:00:00,20:15:00,0,7
Shaul4,17,20:00:00,20:15:00,7.217532617299697,13
Shaul1,17,20:15:00,20:30:00,25.887050897144807,17
Shaul2,17,20:15:00,20:30:00,26.294592196152692,14
Shaul3,17,20:15:00,20:30:00,5.992911036992531,5
Shaul4,17,20:15:00,20:30:00,8.420454720182981,14
Shaul1,17,20:30:00,20:45:00,25.887050897144807,14
Shaul2,17,20:30:00,20:45:00,0,7
Shaul3,17,20:30:00,20:45:00,0,4
Shaul4,17,20:30:00,20:45:00,7.217532617299697,12
Shaul1,17,20:45:00,21:00:00,25.887050897144807,8
Shaul2,17,20:45:00,21:00:00,26.294592196152692,11
Shaul3,17,20:45:00,21:00:00,0,5
Shaul4,17,20:45:00,21:00:00,8.420454720182981,14
Shaul1,17,21:00:00,21:15:00,25.887050897144807,14
Shaul2,17,21:00:00,21:15:00,26.294592196152692,9
Shaul3,17,21:00:00,21:15:00,0,4
Shaul4,17,21:00:00,21:15:00,9.623376823066263,11
Shaul1,17,21:15:00,21:30:00,25.887050897144807,8
Shaul2,17,21:15:00,21:30:00,26.294592196152692,9
Shaul3,17,21:15:00,21:30:00,0,2
Shaul4,17,21:15:00,21:30:00,9.623376823066263,11
Shaul1,17,21:30:00,21:45:00,25.887050897144807,12
Shaul2,17,21:30:00,21:45:00,26.294592196152692,8
Shaul3,17,21:30:00,21:45:00,0,5
Shaul4,17,21:30:00,21:45:00,0,5
Shaul1,17,21:45:00,22:00:00,25.887050897144807,13
Shaul2,17,21:45:00,22:00:00,0,8
Shaul3,17,21:45:00,22:00:00,0,3
Shaul4,17,21:45:00,22:00:00,0,7
Shaul1,17,22:00:00,22:15:00,0,8
Shaul2,17,22:00:00,22:15:00,19.72094414711452,7
Shaul3,17,22:00:00,22:15:00,0,2
Shaul4,17,22:00:00,22:15:00,8.420454720182981,9
Shaul1,17,22:15:00,22:30:00,25.887050897144807,7
Shaul2,17,22:15:00,22:30:00,26.294592196152692,4
Shaul3,17,22:15:00,22:30:00,0,1
Shaul4,17,22:15:00,22:30:00,9.623376823066263,5
Shaul1,17,22:30:00,22:45:00,25.887050897144807,9
Shaul2,17,22:30:00,22:45:00,26.294592196152692,6
Shaul3,17,22:30:00,22:45:00,0,5
Shaul4,17,22:30:00,22:45:00,7.217532617299697,10
Shaul1,17,22:45:00,23:00:00,25.887050897144807,7
Shaul2,17,22:45:00,23:00:00,0,6
Shaul3,17,22:45:00,23:00:00,0,3
Shaul4,17,22:45:00,23:00:00,7.217532617299697,3
Shaul1,17,23:00:00,23:15:00,25.887050897144807,9
Shaul2,17,23:00:00,23:15:00,26.294592196152692,2
Shaul3,17,23:00:00,23:15:00,0,3
Shaul4,17,23:00:00,23:15:00,7.217532617299697,8
Shaul1,17,23:15:00,23:30:00,12.943525448572403,4
Shaul2,17,23:15:00,23:30:00,26.294592196152692,5
Shaul3,17,23:15:00,23:30:00,0,4
Shaul4,17,23:15:00,23:30:00,7.217532617299697,9
Shaul1,17,23:30:00,23:45:00,25.887050897144807,8
Shaul2,17,23:30:00,23:45:00,26.294592196152692,6
Shaul3,17,23:30:00,23:45:00,0,3
Shaul4,17,23:30:00,23:45:00,9.623376823066263,3
Shaul1,17,23:45:00,23:59:00,0,4
Shaul2,17,23:45:00,23:59:00,0,5
Shaul3,17,23:45:00,23:59:00,0,1
Shaul4,17,23:45:00,23:59:00,8.019480685888553,6
